KorEXO MEASUREMENT DATA FILE EXPORT,,,,,,,,,,,,,,,,,,,,,,,,,,,
,,,,,,,,,,,,,,,,,,,,,,,,,,,
FILE CREATED:,5/29/2023 23:12,,,,,,,,,,,,,,,,,,,,,,,,,,
,,,,,,,,,,,,,,,,,,,,,,,,,,,
,,,MEAN VALUE:,33397.9,0.153,3.28,1.09,43668.5,128.6,128.6,11.26,191.6,0.222,27.66,42963.4,27926,0.84,0,1.198,NA,NA,-78.8,-91.6,13.373,0.154,5.53,0
,,,STANDARD DEVIATION:,2888.9,0.017,0.43,0.14,3589.7,26.3,26.3,2.04,17.7,0.024,2.27,3531.4,2295,0.36,0,0.004,0.15,0.14,8.7,8.4,1.178,0.017,0.06,0
,,,,,,,,,,,,,,,,,,,,,,,,,,,
,,,SENSOR SERIAL NUMBER:,21B105939,21A107037,17H101344,17H101344,21B105939,17H103855,17H103855,17H103855,20G104157,21A107037,21B105939,21B105939,21B105939,17H103503,17H103503,17H103898,18M100054,20G104157,18M100054,20G104157,21B105939,21A107037,21B103964,21B103964
Date (MM/DD/YYYY),Time (HH:mm:ss),Time (Fract. Sec),Site Name,Cond µS/cm,Depth m,fDOM QSU,fDOM RFU,nLF Cond µS/cm,ODO % sat,ODO % local,ODO mg/L,ORP mV,Pressure psi a,Sal psu,SpCond µS/cm,TDS mg/L,Turbidity FNU,TSS mg/L,Wiper Position volt,pH,pH,pH mV,pH mV,Temp °C,Vertical Position m,Battery V,Cable Pwr V
5/27/2023,13:15:00,0,<site>,1.8,0.265,0.01,0,2,100.3,100.3,9.16,152.2,0.375,0,2,1,4.9,0,1.189,8.52,8.71,-101.2,-127.5,19.754,0.268,5.65,0
5/27/2023,13:20:00,0,<site>,1.7,0.268,0.01,0,2,100.3,100.3,9.16,154.9,0.379,0,1.9,1,4.98,0,1.189,8.54,8.7,-102.4,-127.1,19.786,0.266,5.65,0
5/27/2023,13:25:00,0,<site>,34443.4,0.141,3.16,1.05,43804.8,125.6,125.6,10.8,201.2,0.204,27.79,43129.1,28034,2.37,0,1.189,8.23,8.17,-82.6,-94.8,14.456,0.14,5.65,0
5/27/2023,13:30:00,0,<site>,34480.8,0.141,3.16,1.05,43917.3,142.6,142.6,12.27,196.6,0.205,27.86,43237.7,28105,0.63,0,1.189,8.23,8.17,-82.8,-94.7,14.396,0.142,5.65,0
5/27/2023,13:35:00,0,<site>,34501.5,0.141,2.88,0.96,43923.6,143.8,143.8,12.37,190.8,0.205,27.87,43244.6,28109,0.52,0,1.189,8.24,8.18,-83.2,-95.3,14.415,0.143,5.65,0
5/27/2023,13:40:00,0,<site>,34606.6,0.142,2.85,0.95,43983.1,144.7,144.7,12.42,191.4,0.207,27.91,43305.6,28149,0.54,0,1.189,8.25,8.19,-84,-95.9,14.483,0.142,5.65,0
5/27/2023,13:45:00,0,<site>,34599.6,0.143,2.73,0.91,43934.7,146.2,146.2,12.55,194,0.207,27.88,43259.3,28119,0.6,0,1.189,8.26,8.2,-84.4,-96.8,14.519,0.144,5.65,0
5/27/2023,13:50:00,0,<site>,34600.5,0.143,2.95,0.98,43908.4,148.5,148.5,12.74,195.7,0.207,27.86,43234.3,28102,0.45,0,1.189,8.27,8.21,-85.1,-97.1,14.545,0.144,5.65,0
5/27/2023,13:55:00,0,<site>,34634.4,0.141,2.69,0.9,43892.3,148.6,148.6,12.74,198.5,0.205,27.86,43220.5,28093,0.5,0,1.189,8.26,8.2,-84.7,-96.8,14.599,0.143,5.65,0
5/27/2023,14:00:00,0,<site>,34661.6,0.144,2.76,0.92,43889.1,150.4,150.4,12.88,198.8,0.208,27.85,43218.6,28092,0.53,0,1.189,8.26,8.22,-84.8,-98,14.634,0.145,5.65,0
5/27/2023,14:05:00,0,<site>,34709.9,0.145,2.7,0.9,43898,152.9,152.9,13.08,199.7,0.21,27.86,43229.2,28099,0.53,0,1.189,8.27,8.21,-85,-97.3,14.682,0.146,5.65,0
5/27/2023,14:10:00,0,<site>,34737.3,0.144,3.02,1.01,43894.5,153.8,153.8,13.15,191.3,0.209,27.86,43227.1,28098,0.62,0,1.203,8.27,8.21,-85.2,-97.4,14.717,0.146,5.65,0
5/27/2023,14:15:00,0,<site>,34767.2,0.145,3.14,1.05,43878.8,155.8,155.8,13.3,197,0.21,27.85,43213.5,28089,0.5,0,1.203,8.28,8.22,-85.7,-97.6,14.767,0.146,5.65,0
5/27/2023,14:20:00,0,<site>,34790.3,0.145,3.18,1.06,43856.9,155.4,155.4,13.26,192.2,0.21,27.84,43193.8,28076,0.54,0,1.203,8.27,8.22,-85.3,-97.6,14.814,0.145,5.65,0
5/27/2023,14:25:00,0,<site>,34841.4,0.144,3.22,1.07,43866.9,155.4,155.4,13.25,193.6,0.209,27.85,43205.6,28084,0.52,0,1.203,8.28,8.23,-85.9,-98.6,14.864,0.145,5.65,0
5/27/2023,14:30:00,0,<site>,34814.1,0.145,3.3,1.1,43848.8,158.1,158.1,13.48,190.5,0.21,27.84,43187.1,28072,0.71,0,1.203,8.28,8.24,-85.8,-99.1,14.849,0.145,5.65,0
5/27/2023,14:35:00,0,<site>,34853.6,0.144,2.97,0.99,43852,160.2,160.2,13.65,190.5,0.209,27.84,43192,28075,0.52,0,1.203,8.29,8.24,-86.4,-99.2,14.892,0.145,5.65,0
5/27/2023,14:40:00,0,<site>,34885.1,0.145,2.97,0.99,43955.1,160.1,160.1,13.65,194.9,0.21,27.91,43291.2,28139,0.5,0,1.203,8.29,8.25,-86.4,-99.5,14.834,0.145,5.65,0
5/27/2023,14:45:00,0,<site>,34878.7,0.143,3.05,1.02,43926.4,158.7,158.7,13.53,198,0.208,27.89,43263.7,28121,0.51,0,1.203,8.29,8.24,-86.4,-98.7,14.853,0.144,5.65,0
5/27/2023,14:50:00,0,<site>,34877.4,0.145,3.18,1.06,43923.7,157.5,157.5,13.42,198.8,0.21,27.89,43261.1,28120,1.13,0,1.203,8.29,8.23,-86.1,-98.5,14.854,0.145,5.65,0
5/27/2023,14:55:00,0,<site>,34907.5,0.143,3.16,1.05,43926.3,158.2,158.2,13.47,202.1,0.208,27.89,43264.9,28122,0.46,0,1.203,8.28,8.23,-86,-98.4,14.886,0.144,5.65,0
5/27/2023,15:00:00,0,<site>,34922.3,0.143,3.44,1.15,43926.1,157.6,157.6,13.42,202.2,0.207,27.89,43265.4,28123,0.53,0,1.203,8.28,8.23,-86,-98.5,14.904,0.143,5.65,0
5/27/2023,15:05:00,0,<site>,34928.5,0.143,3.39,1.13,43922.5,158.5,158.5,13.49,201.6,0.207,27.89,43262.2,28120,0.53,0,1.203,8.3,8.24,-86.8,-99,14.914,0.143,5.65,0
5/27/2023,15:10:00,0,<site>,34944.8,0.142,3.17,1.06,43924.7,160.1,160.1,13.63,197.9,0.206,27.89,43265.1,28122,0.96,0,1.202,8.3,8.25,-87.2,-99.6,14.931,0.143,5.65,0
5/27/2023,15:15:00,0,<site>,34949.1,0.142,3.27,1.09,43924.5,163.1,163.1,13.88,203.7,0.206,27.89,43265.1,28122,0.76,0,1.202,8.3,8.27,-87.2,-100.9,14.937,0.143,5.65,0
5/27/2023,15:20:00,0,<site>,35000.8,0.142,3.28,1.09,43926.1,162.5,162.5,13.81,200.9,0.205,27.9,43269,28125,0.5,0,1.202,8.31,8.25,-87.3,-99.6,14.995,0.143,5.65,0
5/27/2023,15:25:00,0,<site>,35022.3,0.142,3.43,1.14,43915.4,161.6,161.6,13.72,201.9,0.205,27.89,43259.8,28119,0.62,0,1.202,8.3,8.25,-87.2,-99.8,15.03,0.142,5.65,0
5/27/2023,15:30:00,0,<site>,35045.2,0.141,3.16,1.05,43918.3,161.9,161.9,13.75,198.5,0.205,27.89,43263.7,28121,1.32,0,1.202,8.31,8.27,-87.7,-100.5,15.054,0.142,5.65,0
5/27/2023,15:35:00,0,<site>,35100.3,0.141,3.48,1.16,43915.4,158.6,158.6,13.45,195,0.204,27.9,43263.5,28121,1.9,0,1.202,8.32,8.26,-88,-100,15.121,0.142,5.65,0
5/27/2023,15:40:00,0,<site>,35089.2,0.141,3.18,1.06,43914.1,160.8,160.8,13.64,201,0.204,27.89,43261.8,28120,0.9,0,1.202,8.32,8.28,-88.4,-101.4,15.109,0.142,5.65,0
5/27/2023,15:45:00,0,<site>,35121.7,0.141,3.5,1.17,43882.7,154.1,154.1,13.05,198.5,0.204,27.87,43233.6,28102,0.67,0,1.202,8.33,8.28,-88.8,-101.1,15.176,0.142,5.65,0
5/27/2023,15:50:00,0,<site>,35167.9,0.136,3.3,1.1,43833.1,151.9,151.9,12.84,197.4,0.197,27.84,43188.9,28073,0.66,0,1.202,8.33,8.28,-88.9,-101.4,15.276,0.141,5.65,0
5/27/2023,15:55:00,0,<site>,35161.4,0.14,3.22,1.07,43910.3,167.1,167.1,14.15,204.7,0.202,27.9,43261.6,28120,0.76,0,1.202,8.33,8.28,-88.9,-101.1,15.197,0.14,5.62,0
5/27/2023,16:00:00,0,<site>,35188.2,0.139,3.22,1.07,43904.5,167.1,167.1,14.14,205.3,0.201,27.89,43257.5,28117,0.71,0,1.202,8.34,8.28,-89.3,-101.6,15.233,0.14,5.65,0
5/27/2023,16:05:00,0,<site>,35148.6,0.138,3.13,1.04,43879.3,168.4,168.4,14.26,200,0.2,27.87,43231.7,28101,0.62,0,1.202,8.33,8.28,-89,-101.3,15.211,0.137,5.65,0
5/27/2023,16:10:00,0,<site>,35209.4,0.138,3.12,1.04,43879.7,171.3,171.3,14.48,192.8,0.2,27.88,43235,28103,0.62,0,1.2,8.36,8.31,-90.5,-102.8,15.281,0.139,5.64,0
5/27/2023,16:15:00,0,<site>,35256.2,0.138,3.3,1.1,43838.8,172.8,172.8,14.58,197.8,0.201,27.85,43198.6,28079,0.59,0,1.2,8.35,8.3,-89.8,-102.3,15.374,0.139,5.65,0
5/27/2023,16:20:00,0,<site>,35236.8,0.137,3.05,1.02,43830.1,171.3,171.3,14.45,197.3,0.198,27.85,43189.4,28073,0.67,0,1.2,8.36,8.3,-90.4,-102.7,15.359,0.138,5.65,0
5/27/2023,16:25:00,0,<site>,35254.7,0.137,3,1,43887.9,172.1,172.1,14.53,190.1,0.199,27.89,43244.9,28109,0.71,0,1.2,8.35,8.31,-90,-102.9,15.326,0.138,5.65,0
5/27/2023,16:30:00,0,<site>,35270,0.139,3.01,1,43882.2,170.9,170.9,14.42,187.2,0.201,27.88,43240.2,28106,0.7,0,1.2,8.36,8.3,-90.3,-102.7,15.35,0.14,5.65,0
5/27/2023,16:35:00,0,<site>,35240.1,0.139,3.34,1.11,43898.9,171.3,171.3,14.47,195.5,0.202,27.89,43254.6,28116,0.58,0,1.2,8.35,8.3,-90.2,-102.6,15.299,0.14,5.65,0
5/27/2023,16:40:00,0,<site>,35237.3,0.139,3.42,1.14,43903,171.7,171.7,14.5,202.8,0.202,27.89,43258.3,28118,0.64,0,1.2,8.35,8.3,-89.9,-102.3,15.292,0.141,5.65,0
5/27/2023,16:45:00,0,<site>,35208.3,0.139,3.09,1.03,43895.5,171.5,171.5,14.49,206.4,0.201,27.89,43249.9,28112,0.93,0,1.2,8.35,8.29,-89.6,-102.2,15.265,0.138,5.65,0
5/27/2023,16:50:00,0,<site>,35191.6,0.139,2.98,0.99,43896.3,170.9,170.9,14.46,206.2,0.201,27.89,43249.9,28112,0.66,0,1.2,8.35,8.3,-89.9,-102.3,15.245,0.139,5.65,0
5/27/2023,16:55:00,0,<site>,35191.1,0.138,3.53,1.18,43896.4,170.6,170.6,14.43,208.8,0.2,27.89,43249.9,28112,0.81,0,1.2,8.36,8.3,-90.3,-102.5,15.244,0.138,5.65,0
5/27/2023,17:00:00,0,<site>,35194,0.138,3.28,1.09,43899.8,170.8,170.8,14.44,205.7,0.2,27.89,43253.2,28115,0.82,0,1.2,8.35,8.31,-90.1,-102.9,15.245,0.139,5.65,0
5/27/2023,17:05:00,0,<site>,35185.4,0.137,3.18,1.06,43887.4,171.4,171.4,14.5,200.8,0.199,27.88,43241.1,28107,0.89,0,1.2,8.36,8.31,-90.7,-103.1,15.246,0.138,5.65,0
5/27/2023,17:10:00,0,<site>,35205.9,0.137,3.32,1.11,43915.1,173.8,173.8,14.69,197.3,0.199,27.9,43268.3,28124,0.98,0,1.199,8.37,8.32,-91.1,-103.8,15.244,0.138,5.62,0
5/27/2023,17:15:00,0,<site>,35212.6,0.138,3.53,1.18,43912.3,174.6,174.6,14.76,191.3,0.2,27.9,43266,28123,0.79,0,1.199,8.37,8.32,-90.9,-103.4,15.255,0.138,5.65,0
5/27/2023,17:20:00,0,<site>,35252.4,0.138,3.4,1.13,43930.6,171.7,171.7,14.5,193.4,0.201,27.91,43285.2,28135,0.79,0,1.199,8.36,8.31,-90.5,-103,15.284,0.139,5.65,0
5/27/2023,17:25:00,0,<site>,35264,0.138,3.33,1.11,43925,170.5,170.5,14.4,199.5,0.2,27.91,43280.4,28132,0.82,0,1.199,8.36,8.31,-90.6,-103,15.303,0.138,5.65,0
5/27/2023,17:30:00,0,<site>,35251.1,0.138,3.58,1.19,43908.9,170.2,170.2,14.38,205.4,0.2,27.9,43264.6,28122,0.63,0,1.199,8.36,8.31,-90.7,-103,15.303,0.138,5.65,0
5/27/2023,17:35:00,0,<site>,35245.7,0.138,3.45,1.15,43896.5,171.1,171.1,14.45,208,0.201,27.89,43252.6,28114,1.55,0,1.199,8.36,8.31,-90.7,-102.9,15.308,0.139,5.65,0
5/27/2023,17:40:00,0,<site>,35254.4,0.138,3.66,1.22,43909.8,169.9,169.9,14.35,207.3,0.201,27.9,43265.6,28123,1.02,0,1.199,8.36,8.31,-90.7,-103.2,15.306,0.139,5.65,0
5/27/2023,17:45:00,0,<site>,35228.2,0.138,3.62,1.21,43895.5,170.3,170.3,14.39,208.4,0.2,27.89,43250.8,28113,0.65,0,1.199,8.37,8.31,-90.9,-103.1,15.288,0.139,5.65,0
5/27/2023,17:50:00,0,<site>,35197.3,0.139,3.31,1.1,43878.7,171,171,14.46,210.7,0.201,27.88,43233.4,28102,0.72,0,1.199,8.36,8.3,-90.2,-102.7,15.268,0.139,5.65,0
5/27/2023,17:55:00,0,<site>,35163.2,0.139,3.11,1.04,43894.5,170.3,170.3,14.41,206.2,0.202,27.88,43246.8,28110,0.93,0,1.199,8.36,8.31,-90.4,-103.1,15.214,0.14,5.65,0
5/27/2023,18:00:00,0,<site>,35152.7,0.139,3.39,1.13,43903.8,170,170,14.39,207.8,0.201,27.89,43255,28116,0.78,0,1.199,8.36,8.32,-90.7,-103.5,15.193,0.139,5.65,0
5/27/2023,18:05:00,0,<site>,35127.9,0.139,3.65,1.22,43891.7,170.6,170.6,14.45,211.2,0.202,27.88,43242.4,28108,0.9,0,1.199,8.36,8.31,-90.5,-102.9,15.175,0.14,5.65,0
5/27/2023,18:10:00,0,<site>,35121.1,0.14,3.4,1.13,43909.3,169.4,169.4,14.35,209.5,0.202,27.89,43258.7,28118,1.02,0,1.201,8.36,8.31,-90.4,-103.3,15.151,0.141,5.65,0
5/27/2023,18:15:00,0,<site>,35098,0.14,3.5,1.17,43896.3,168.5,168.5,14.29,209.8,0.203,27.88,43245.4,28110,0.96,0,1.201,8.36,8.31,-90.4,-102.9,15.136,0.141,5.65,0
5/27/2023,18:20:00,0,<site>,35097.4,0.14,3.56,1.19,43900.2,166.6,166.6,14.13,208.1,0.203,27.89,43249,28112,0.69,0,1.201,8.35,8.3,-90.1,-102.6,15.132,0.141,5.65,0
5/27/2023,18:25:00,0,<site>,35069.3,0.139,3.5,1.17,43901,168.3,168.3,14.27,210.9,0.202,27.88,43248.4,28111,0.88,0,1.201,8.37,8.31,-91.1,-103.3,15.098,0.141,5.64,0
5/27/2023,18:30:00,0,<site>,35060.6,0.14,3.54,1.18,43905.9,167.2,167.2,14.18,212.4,0.202,27.89,43252.7,28114,0.65,0,1.201,8.37,8.31,-91.3,-103.2,15.084,0.14,5.65,0
5/27/2023,18:35:00,0,<site>,35032.9,0.139,3.48,1.16,43900.4,167.4,167.4,14.21,213.4,0.201,27.88,43246.2,28110,0.78,0,1.201,8.38,8.31,-91.4,-103.2,15.057,0.14,5.65,0
5/27/2023,18:40:00,0,<site>,35015.9,0.139,3.49,1.16,43904.4,167,167,14.18,214.7,0.202,27.88,43249.2,28112,0.76,0,1.201,8.37,8.31,-91.1,-103.1,15.033,0.138,5.64,0
5/27/2023,18:45:00,0,<site>,34992.8,0.139,3.47,1.16,43897.5,166.7,166.7,14.16,215.1,0.202,27.88,43241.6,28107,0.82,0,1.201,8.37,8.31,-91,-103.1,15.013,0.139,5.64,0
5/27/2023,18:50:00,0,<site>,34987,0.14,3.54,1.18,43909.4,165.9,165.9,14.1,214.7,0.203,27.89,43252.6,28114,0.7,0,1.201,8.37,8.31,-91.1,-103.1,14.995,0.14,5.63,0
5/27/2023,18:55:00,0,<site>,34954.3,0.139,3.55,1.18,43904.4,166.3,166.3,14.14,216.2,0.202,27.88,43246.3,28110,0.76,0,1.201,8.37,8.31,-90.8,-103,14.961,0.14,5.63,0
5/27/2023,19:00:00,0,<site>,34911.8,0.14,3.57,1.19,43891.7,165.2,165.2,14.06,216,0.203,27.87,43232.3,28101,0.67,0,1.201,8.37,8.31,-90.7,-102.8,14.923,0.141,5.65,0
5/27/2023,19:05:00,0,<site>,34885.1,0.141,3.54,1.18,43887.9,164,164,13.97,214.3,0.204,27.87,43227.5,28098,0.85,0,1.201,8.36,8.3,-90.5,-102.5,14.896,0.141,5.62,0
5/27/2023,19:10:00,0,<site>,34850,0.14,3.38,1.13,43913.4,162.8,162.8,13.89,213,0.203,27.88,43250.1,28113,1.15,0,1.203,8.36,8.31,-90.1,-102.8,14.831,0.141,5.62,0
5/27/2023,19:15:00,0,<site>,34840.5,0.14,3.51,1.17,43900.8,163,163,13.9,213.7,0.204,27.87,43237.7,28105,0.96,0,1.203,8.36,8.31,-90.3,-102.8,14.832,0.142,5.61,0
5/27/2023,19:20:00,0,<site>,34830.2,0.141,3.44,1.15,43910.7,162.6,162.6,13.87,215.9,0.204,27.88,43246.6,28110,0.86,0,1.203,8.36,8.3,-90.2,-102.6,14.811,0.141,5.61,0
5/27/2023,19:25:00,0,<site>,34790,0.141,3.48,1.16,43905.8,161.3,161.3,13.77,215,0.204,27.87,43240.2,28106,0.73,0,1.203,8.35,8.3,-90,-102.5,14.768,0.142,5.65,0
5/27/2023,19:30:00,0,<site>,34759.3,0.142,3.51,1.17,43906,160.7,160.7,13.73,216.6,0.206,27.87,43239,28105,0.76,0,1.203,8.35,8.3,-89.9,-102.2,14.732,0.143,5.61,0
5/27/2023,19:35:00,0,<site>,34735.8,0.142,3.48,1.16,43913.3,159.8,159.8,13.67,216.9,0.206,27.87,43244.9,28109,0.79,0,1.203,8.35,8.3,-89.8,-102.2,14.698,0.143,5.64,0
5/27/2023,19:40:00,0,<site>,34708.7,0.143,3.49,1.16,43910,159.7,159.7,13.66,218.2,0.207,27.87,43240.5,28106,0.64,0,1.203,8.35,8.3,-89.8,-102.1,14.67,0.143,5.6,0
5/27/2023,19:45:00,0,<site>,34677.6,0.144,3.41,1.14,43912.7,159.1,159.1,13.62,217.2,0.208,27.87,43241.8,28107,0.69,0,1.203,8.35,8.3,-89.7,-102.1,14.631,0.145,5.6,0
5/27/2023,19:50:00,0,<site>,34659.8,0.144,3.42,1.14,43922.7,157.8,157.8,13.52,218.4,0.209,27.88,43250.5,28113,0.81,0,1.203,8.34,8.29,-89.4,-101.9,14.601,0.145,5.63,0
5/27/2023,19:55:00,0,<site>,34634.7,0.145,3.49,1.16,43921.1,157.7,157.7,13.52,218.8,0.21,27.87,43247.8,28111,0.72,0,1.203,8.34,8.29,-89.3,-101.6,14.573,0.145,5.61,0
5/27/2023,20:00:00,0,<site>,34591.9,0.145,3.44,1.15,43916.3,156.8,156.8,13.46,216,0.211,27.87,43241.5,28107,0.83,0,1.203,8.34,8.28,-89.3,-101.5,14.527,0.146,5.61,0
5/27/2023,20:05:00,0,<site>,34560.1,0.145,3.52,1.17,43923,155.2,155.2,13.33,215.2,0.21,27.87,43246.5,28110,0.82,0,1.203,8.33,8.28,-88.7,-101,14.484,0.146,5.6,0
5/27/2023,20:10:00,0,<site>,34527.2,0.146,3.39,1.13,43942.5,154.7,154.7,13.3,214.6,0.211,27.88,43263.6,28121,1.91,0,1.205,8.33,8.28,-88.8,-101.4,14.428,0.147,5.6,0
5/27/2023,20:15:00,0,<site>,34526.2,0.145,3.45,1.15,43939.3,154.5,154.5,13.29,214.8,0.21,27.88,43260.6,28119,0.75,0,1.205,8.33,8.28,-88.8,-101.3,14.429,0.146,5.61,0
5/27/2023,20:20:00,0,<site>,34491,0.146,3.35,1.12,43939,153.8,153.8,13.23,216.8,0.211,27.88,43258.8,28118,0.71,0,1.205,8.33,8.28,-88.6,-101,14.388,0.147,5.6,0
5/27/2023,20:25:00,0,<site>,34456.8,0.146,3.48,1.16,43943.8,152.6,152.6,13.15,216.9,0.212,27.88,43261.9,28120,0.78,0,1.205,8.32,8.27,-88,-100.7,14.344,0.147,5.6,0
5/27/2023,20:30:00,0,<site>,34418.8,0.146,3.43,1.14,43953.2,151.1,151.1,13.02,216.7,0.212,27.88,43269.2,28125,1.02,0,1.205,8.32,8.27,-88.1,-100.5,14.291,0.146,5.6,0
5/27/2023,20:35:00,0,<site>,34393,0.146,3.41,1.14,43965,150.4,150.4,12.98,216.7,0.211,27.89,43279.4,28132,0.83,0,1.205,8.32,8.27,-88,-100.4,14.25,0.147,5.6,0
5/27/2023,20:40:00,0,<site>,34355.6,0.146,3.13,1.04,43971.4,150,150,12.96,205.1,0.211,27.89,43284.1,28135,0.96,0,1.205,8.32,8.27,-87.9,-100.4,14.2,0.146,5.61,0
5/27/2023,20:45:00,0,<site>,34309.9,0.146,3.42,1.14,43976.6,149,149,12.89,195,0.212,27.89,43287.2,28137,0.9,0,1.205,8.32,8.27,-87.8,-100.3,14.142,0.147,5.6,0
5/27/2023,20:50:00,0,<site>,34288.7,0.147,3.36,1.12,43990,148.2,148.2,12.83,203.4,0.213,27.9,43299.1,28144,1.01,0,1.205,8.32,8.26,-87.6,-100.1,14.105,0.148,5.6,0
5/27/2023,20:55:00,0,<site>,34259.1,0.147,3.3,1.1,43996.8,147.8,147.8,12.8,201.5,0.214,27.9,43304.4,28148,0.89,0,1.205,8.31,8.26,-87.5,-100,14.064,0.149,5.59,0
5/27/2023,21:00:00,0,<site>,34233.1,0.148,3.37,1.12,43996.3,147.2,147.2,12.76,206.6,0.215,27.9,43302.9,28147,0.83,0,1.205,8.31,8.26,-87.4,-99.9,14.034,0.149,5.59,0
5/27/2023,21:05:00,0,<site>,34212,0.148,3.26,1.09,44005.6,146.2,146.2,12.68,205.9,0.215,27.91,43310.9,28152,0.9,0,1.205,8.31,8.26,-87.1,-99.7,14.001,0.149,5.6,0
5/27/2023,21:10:00,0,<site>,34163.5,0.149,3.18,1.06,44010.6,145.4,145.4,12.62,205.4,0.216,27.91,43313.9,28154,0.98,0,1.198,8.3,8.26,-86.9,-99.6,13.939,0.148,5.59,0
5/27/2023,21:15:00,0,<site>,34148.5,0.15,3.36,1.12,44007.9,145,145,12.6,202.4,0.218,27.9,43310.7,28152,0.71,0,1.198,8.3,8.26,-86.9,-99.6,13.924,0.151,5.59,0
5/27/2023,21:20:00,0,<site>,34127.5,0.151,3.43,1.14,44011.8,144.2,144.2,12.53,209.1,0.219,27.91,43313.6,28154,0.86,0,1.198,8.29,8.25,-86.3,-99.1,13.896,0.152,5.6,0
5/27/2023,21:25:00,0,<site>,34096,0.152,3.37,1.12,44010.6,143,143,12.44,212.2,0.22,27.9,43311.2,28152,0.95,0,1.198,8.29,8.24,-86,-98.8,13.86,0.153,5.59,0
5/27/2023,21:30:00,0,<site>,34073.2,0.154,3.43,1.14,44015.5,142.1,142.1,12.37,215.1,0.223,27.91,43315,28155,0.8,0,1.198,8.29,8.24,-85.8,-98.6,13.829,0.154,5.59,0
5/27/2023,21:35:00,0,<site>,34046,0.153,3.34,1.11,44015.6,141,141,12.28,216.7,0.222,27.9,43314.1,28154,0.76,0,1.198,8.28,8.23,-85.6,-98.3,13.797,0.154,5.58,0
5/27/2023,21:40:00,0,<site>,34005.3,0.153,3.42,1.14,44008.7,140,140,12.2,214,0.222,27.9,43306.1,28149,0.83,0,1.198,8.28,8.22,-85.3,-97.5,13.756,0.154,5.59,0
5/27/2023,21:45:00,0,<site>,33975.4,0.154,3.28,1.09,44010.4,136.8,136.8,11.93,203.9,0.223,27.9,43306.5,28149,0.75,0,1.198,8.27,8.22,-84.7,-97.5,13.719,0.155,5.59,0
5/27/2023,21:50:00,0,<site>,33958.4,0.154,3.41,1.14,44016.6,136.8,136.8,11.94,210.3,0.223,27.9,43311.9,28153,1.53,0,1.198,8.26,8.21,-84.2,-97.2,13.693,0.155,5.59,0
5/27/2023,21:55:00,0,<site>,33901.5,0.154,3.41,1.14,43999.5,135.5,135.5,11.84,214.8,0.223,27.89,43293.5,28141,0.72,0,1.198,8.24,8.2,-83.4,-96.3,13.642,0.154,5.59,0
5/27/2023,22:00:00,0,<site>,33873,0.154,3.44,1.15,43996,134.4,134.4,11.76,216.2,0.223,27.88,43289.1,28138,0.69,0,1.198,8.24,8.2,-83.3,-96.1,13.612,0.154,5.58,0
5/27/2023,22:05:00,0,<site>,33854.2,0.154,3.44,1.15,44003.3,133.1,133.1,11.64,217.1,0.223,27.88,43295.4,28142,0.84,0,1.198,8.23,8.19,-82.6,-95.7,13.583,0.155,5.59,0
5/27/2023,22:10:00,0,<site>,33827.5,0.153,3.08,1.03,44005.7,132.1,132.1,11.56,213.3,0.222,27.88,43296.8,28143,0.91,0,1.199,8.23,8.19,-82.8,-95.7,13.549,0.154,5.59,0
5/27/2023,22:15:00,0,<site>,33824.2,0.153,3.36,1.12,44008.2,131.8,131.8,11.54,171.2,0.222,27.89,43299,28144,1.02,0,1.199,8.24,8.19,-82.9,-95.8,13.543,0.154,5.58,0
5/27/2023,22:20:00,0,<site>,33811.9,0.153,3.4,1.13,44006.5,131.7,131.7,11.53,184.2,0.222,27.88,43297,28143,0.86,0,1.199,8.23,8.19,-82.6,-95.9,13.53,0.154,5.59,0
5/27/2023,22:25:00,0,<site>,33773.5,0.153,3.33,1.11,43997.4,131.1,131.1,11.49,181.6,0.222,27.88,43286.9,28136,1.04,0,1.199,8.22,8.18,-82.1,-95.2,13.493,0.154,5.57,0
5/27/2023,22:30:00,0,<site>,33756.2,0.154,3.39,1.13,43998.6,129.7,129.7,11.37,181.8,0.223,27.88,43287.5,28137,1.15,0,1.199,8.23,8.18,-82.5,-95.4,13.472,0.153,5.58,0
5/27/2023,22:35:00,0,<site>,33734.5,0.154,3.01,1,43996.6,128.9,128.9,11.31,188.8,0.223,27.87,43284.8,28135,1.43,0,1.199,8.23,8.18,-82.4,-95,13.448,0.155,5.59,0
5/27/2023,22:40:00,0,<site>,33702.9,0.154,3.18,1.06,43991.3,128.6,128.6,11.29,177.8,0.223,27.87,43278.6,28131,0.91,0,1.199,8.23,8.18,-82.7,-95.1,13.416,0.155,5.58,0
5/27/2023,22:45:00,0,<site>,33666.4,0.153,3.37,1.12,43982.9,127.2,127.2,11.18,186.2,0.222,27.86,43269.3,28125,1.12,0,1.199,8.22,8.17,-82.2,-94.7,13.38,0.155,5.59,0
5/27/2023,22:50:00,0,<site>,33653.2,0.154,3.39,1.13,43988.2,126.7,126.7,11.14,199.5,0.224,27.86,43274,28128,1.04,0,1.199,8.2,8.16,-80.9,-94,13.36,0.156,5.57,0
5/27/2023,22:55:00,0,<site>,33622.6,0.155,3.4,1.13,43984.7,125.2,125.2,11.01,204.5,0.225,27.86,43269.6,28125,0.85,0,1.199,8.2,8.15,-80.9,-93.3,13.327,0.157,5.58,0
5/27/2023,23:00:00,0,<site>,33603.7,0.155,3.04,1.01,43982.9,125.2,125.2,11.02,199.3,0.225,27.86,43267.2,28124,1.01,0,1.199,8.2,8.15,-80.9,-93.4,13.307,0.157,5.59,0
5/27/2023,23:05:00,0,<site>,33568.1,0.157,3.35,1.12,43968.3,124.5,124.5,10.97,206.5,0.227,27.85,43252,28114,0.82,0,1.199,8.2,8.14,-80.6,-92.9,13.278,0.156,5.57,0
5/27/2023,23:10:00,0,<site>,33542.2,0.157,2.98,0.99,43985.7,123.1,123.1,10.85,192,0.227,27.86,43267.9,28124,1.91,0,1.198,8.19,8.15,-80.2,-93.3,13.231,0.158,5.58,0
5/27/2023,23:15:00,0,<site>,33535.6,0.156,3.37,1.12,43978.3,123,123,10.84,190.7,0.227,27.85,43260.5,28119,0.88,0,1.198,8.19,8.15,-80.1,-93.2,13.23,0.158,5.57,0
5/27/2023,23:20:00,0,<site>,33510.6,0.157,3.36,1.12,43973.1,122.6,122.6,10.82,203.1,0.227,27.85,43254.7,28116,0.82,0,1.198,8.18,8.13,-79.6,-92.4,13.206,0.157,5.57,0
5/27/2023,23:25:00,0,<site>,33496.6,0.157,3.36,1.12,43975.7,122,122,10.76,209.2,0.228,27.85,43256.8,28117,0.92,0,1.198,8.18,8.13,-79.4,-92,13.187,0.158,5.58,0
5/27/2023,23:30:00,0,<site>,33476.9,0.158,3.34,1.11,43976.1,121.7,121.7,10.75,210.3,0.229,27.85,43256.5,28117,0.9,0,1.198,8.17,8.12,-79.2,-91.9,13.163,0.158,5.57,0
5/27/2023,23:35:00,0,<site>,33453.2,0.158,3.38,1.13,43973,120.9,120.9,10.68,212.1,0.229,27.84,43252.8,28114,0.75,0,1.198,8.18,8.12,-79.8,-91.7,13.138,0.159,5.58,0
5/27/2023,23:40:00,0,<site>,33428.6,0.158,3.36,1.12,43967.5,120.4,120.4,10.64,205.5,0.23,27.84,43246.7,28110,1.51,0,1.198,8.17,8.12,-79.3,-91.4,13.114,0.159,5.56,0
5/27/2023,23:45:00,0,<site>,33404.1,0.158,3.31,1.1,43960.9,119.9,119.9,10.6,201.5,0.229,27.83,43239.6,28106,0.98,0,1.198,8.18,8.11,-79.7,-91.3,13.091,0.159,5.57,0
5/27/2023,23:50:00,0,<site>,33380.3,0.159,2.94,0.98,43956.3,119.1,119.1,10.54,207.1,0.23,27.83,43234.4,28102,1.1,0,1.198,8.18,8.11,-79.7,-91,13.067,0.156,5.58,0
5/27/2023,23:55:00,0,<site>,33374.7,0.16,3.36,1.12,43966.9,117.7,117.7,10.42,189.9,0.232,27.83,43244.5,28109,0.74,0,1.198,8.17,8.13,-79,-92,13.051,0.161,5.57,0
5/28/2023,0:00:00,0,<site>,33356.8,0.161,3.3,1.1,43964.8,117.3,117.3,10.38,202.4,0.233,27.83,43241.9,28107,0.93,0,1.198,8.16,8.11,-78.5,-91.1,13.031,0.162,5.58,0
5/28/2023,0:05:00,0,<site>,33323.1,0.16,3.37,1.12,43953.6,116.9,116.9,10.35,156.7,0.232,27.82,43230.1,28100,1.57,0,1.198,8.16,8.12,-78.5,-91.8,13.002,0.161,5.56,0
5/28/2023,0:10:00,0,<site>,33316,0.161,3.14,1.05,43973.2,116.6,116.6,10.34,177.4,0.233,27.83,43248.7,28112,1.54,0,1.201,8.15,8.11,-77.7,-91.1,12.976,0.162,5.57,0
5/28/2023,0:15:00,0,<site>,33301.7,0.16,3.39,1.13,43968.4,116.4,116.4,10.32,196,0.233,27.83,43243.7,28108,1.03,0,1.201,8.14,8.1,-77.6,-90.7,12.963,0.162,5.58,0
5/28/2023,0:20:00,0,<site>,33280.5,0.161,3.3,1.1,43955.8,116.4,116.4,10.32,203.5,0.233,27.82,43230.9,28100,0.79,0,1.201,8.14,8.1,-77.6,-90.5,12.949,0.162,5.56,0
5/28/2023,0:25:00,0,<site>,33282.2,0.16,3.32,1.11,43970.8,116.4,116.4,10.32,209,0.233,27.83,43245.4,28109,0.8,0,1.201,8.14,8.1,-77.5,-90.2,12.938,0.161,5.58,0
5/28/2023,0:30:00,0,<site>,33263.9,0.16,3.29,1.1,43967.5,116.1,116.1,10.3,210.7,0.232,27.83,43241.6,28107,1.24,0,1.201,8.14,8.09,-77.1,-90,12.919,0.159,5.56,0
5/28/2023,0:35:00,0,<site>,33251.8,0.161,3.3,1.1,43969,115.5,115.5,10.26,209.7,0.233,27.83,43242.7,28108,0.76,0,1.201,8.14,8.09,-77.2,-89.9,12.904,0.162,5.57,0
5/28/2023,0:40:00,0,<site>,33243.6,0.161,2.93,0.98,43971.1,115.2,115.2,10.23,209.1,0.234,27.83,43244.5,28109,0.81,0,1.201,8.14,8.09,-77.2,-89.8,12.892,0.162,5.58,0
5/28/2023,0:45:00,0,<site>,33230.1,0.16,3.18,1.06,43972,114.8,114.8,10.2,214.1,0.232,27.83,43244.9,28109,0.95,0,1.201,8.13,8.08,-77,-89.5,12.875,0.159,5.56,0
5/28/2023,0:50:00,0,<site>,33216.6,0.161,3.3,1.1,43976.6,114.5,114.5,10.18,216.4,0.233,27.83,43249,28112,0.97,0,1.201,8.14,8.08,-77,-89.3,12.855,0.161,5.57,0
5/28/2023,0:55:00,0,<site>,33200.9,0.16,3.33,1.11,43977.7,114.2,114.2,10.15,218,0.232,27.83,43249.6,28112,0.73,0,1.201,8.13,8.08,-77,-89.3,12.835,0.161,5.55,0
5/28/2023,1:00:00,0,<site>,33200.3,0.16,3.31,1.1,43994.1,114,114,10.13,218.3,0.232,27.84,43265.3,28122,0.72,0,1.201,8.13,8.08,-76.7,-89,12.82,0.161,5.57,0
5/28/2023,1:05:00,0,<site>,33177.9,0.16,3.4,1.13,43984.9,113.4,113.4,10.08,216.2,0.232,27.83,43255.9,28116,0.77,0,1.201,8.13,8.07,-76.6,-88.8,12.802,0.16,5.57,0
5/28/2023,1:10:00,0,<site>,33156,0.16,3.17,1.06,43992.8,112.7,112.7,10.03,208.2,0.232,27.84,43262.8,28121,1.2,0,1.198,8.13,8.08,-76.6,-89.3,12.769,0.16,5.56,0
5/28/2023,1:15:00,0,<site>,33151.6,0.161,3.39,1.13,43991.4,112.6,112.6,10.02,209.5,0.234,27.84,43261.3,28120,0.79,0,1.198,8.12,8.08,-76.4,-89.2,12.765,0.162,5.57,0
5/28/2023,1:20:00,0,<site>,33141,0.161,3.41,1.14,43995.8,112.1,112.1,9.98,215.1,0.234,27.84,43265.3,28122,1.02,0,1.198,8.12,8.07,-76,-88.8,12.748,0.163,5.55,0
5/28/2023,1:25:00,0,<site>,33122.8,0.161,3.4,1.13,43992.2,111.3,111.3,9.91,215.4,0.234,27.84,43261.3,28120,0.87,0,1.198,8.12,8.07,-75.9,-88.6,12.73,0.163,5.56,0
5/28/2023,1:30:00,0,<site>,33112.1,0.161,3.35,1.12,44002.4,110.9,110.9,9.88,217.4,0.234,27.84,43270.8,28126,0.77,0,1.198,8.11,8.06,-75.4,-88.3,12.708,0.162,5.57,0
5/28/2023,1:35:00,0,<site>,33089.2,0.161,3.32,1.11,43999.1,109.9,109.9,9.8,213.5,0.234,27.84,43267,28124,0.82,0,1.198,8.1,8.06,-75,-88,12.684,0.161,5.56,0
5/28/2023,1:40:00,0,<site>,33075.2,0.16,3.37,1.12,44001.2,109.8,109.8,9.79,215.9,0.232,27.84,43268.6,28125,0.77,0,1.198,8.1,8.05,-74.9,-87.7,12.666,0.158,5.56,0
5/28/2023,1:45:00,0,<site>,33065.3,0.161,3.4,1.13,44006.5,109.3,109.3,9.75,217.4,0.233,27.84,43273.4,28128,1,0,1.198,8.1,8.05,-74.7,-87.5,12.649,0.162,5.55,0
5/28/2023,1:50:00,0,<site>,33058.4,0.16,3.38,1.13,44015,108.8,108.8,9.71,221.5,0.232,27.85,43281.4,28133,0.79,0,1.198,8.09,8.04,-74.5,-87.1,12.634,0.161,5.56,0
5/28/2023,1:55:00,0,<site>,33039.1,0.16,3.37,1.12,44009.8,108.3,108.3,9.67,217.2,0.232,27.84,43275.9,28129,0.99,0,1.198,8.09,8.04,-74.7,-87,12.615,0.161,5.57,0
5/28/2023,2:00:00,0,<site>,33020.5,0.159,3.32,1.11,44010.1,108,108,9.65,221.4,0.231,27.84,43275.6,28129,0.73,0,1.198,8.09,8.04,-74.4,-86.8,12.593,0.159,5.56,0
5/28/2023,2:05:00,0,<site>,33013.9,0.16,3.4,1.13,44016,107.6,107.6,9.62,203.4,0.231,27.84,43281.1,28133,0.99,0,1.198,8.09,8.04,-74.2,-87,12.58,0.16,5.56,0
5/28/2023,2:10:00,0,<site>,32982,0.159,3.2,1.07,44016.1,106.5,106.5,9.53,197.2,0.231,27.84,43280.4,28132,1.08,0,1.196,8.08,8.04,-74,-86.9,12.542,0.161,5.55,0
5/28/2023,2:15:00,0,<site>,32981,0.16,3.41,1.14,44017.2,106.2,106.2,9.5,201.4,0.232,27.84,43281.4,28133,1.39,0,1.196,8.08,8.04,-73.8,-86.9,12.54,0.161,5.56,0
5/28/2023,2:20:00,0,<site>,32972.5,0.161,3.46,1.15,44020.5,105.7,105.7,9.46,200.1,0.234,27.85,43284.4,28135,0.8,0,1.196,8.07,8.04,-73.5,-86.7,12.527,0.162,5.56,0
5/28/2023,2:25:00,0,<site>,32965.2,0.162,3.48,1.16,44026.5,105.3,105.3,9.43,205.8,0.235,27.85,43289.9,28138,0.72,0,1.196,8.07,8.03,-73.1,-86.2,12.513,0.163,5.55,0
5/28/2023,2:30:00,0,<site>,32957.5,0.161,3.48,1.16,44032.4,104.9,104.9,9.39,212.1,0.234,27.85,43295.4,28142,0.95,0,1.196,8.06,8.02,-72.7,-85.9,12.499,0.162,5.56,0
5/28/2023,2:35:00,0,<site>,32937.1,0.162,3.41,1.14,44029.4,104.4,104.4,9.35,206.7,0.234,27.85,43292,28140,0.82,0,1.196,8.06,8.02,-72.4,-85.8,12.477,0.163,5.55,0
5/28/2023,2:40:00,0,<site>,32923.9,0.162,3.39,1.13,44037.5,104,104,9.32,204.8,0.234,27.85,43299.5,28145,1.02,0,1.196,8.06,8.02,-72.9,-85.8,12.454,0.163,5.55,0
5/28/2023,2:45:00,0,<site>,32908.2,0.162,3.47,1.16,44033.6,103.7,103.7,9.29,206.9,0.235,27.85,43295.3,28142,0.83,0,1.196,8.06,8.01,-72.5,-85.4,12.439,0.164,5.56,0
5/28/2023,2:50:00,0,<site>,32904,0.163,3.47,1.16,44045,103.3,103.3,9.26,210.8,0.236,27.86,43306.1,28149,0.87,0,1.196,8.06,8.01,-72.6,-84.9,12.424,0.164,5.55,0
5/28/2023,2:55:00,0,<site>,32890.2,0.163,3.42,1.14,44041.4,103,103,9.23,208.5,0.236,27.85,43302.4,28147,0.68,0,1.196,8.05,8,-72.2,-84.7,12.411,0.164,5.56,0
5/28/2023,3:00:00,0,<site>,32877.2,0.163,3.41,1.14,44037.3,102.9,102.9,9.23,215.7,0.236,27.85,43298,28144,0.82,0,1.196,8.05,8,-72.3,-84.6,12.399,0.164,5.55,0
5/28/2023,3:05:00,0,<site>,32868.4,0.164,3.45,1.15,44041.7,102.8,102.8,9.23,220,0.238,27.85,43302.1,28146,1.37,0,1.196,8.05,8,-72.3,-84.5,12.385,0.165,5.55,0
5/28/2023,3:10:00,0,<site>,32846.7,0.165,3.29,1.1,44047.8,102.2,102.2,9.17,213.4,0.239,27.86,43307.4,28150,0.72,0,1.192,8.05,8.01,-72.2,-85.1,12.354,0.165,5.55,0
5/28/2023,3:15:00,0,<site>,32842.6,0.165,3.46,1.15,44040,102.1,102.1,9.17,214,0.239,27.85,43299.8,28145,0.86,0,1.192,8.05,8.01,-72.1,-85,12.356,0.166,5.55,0
5/28/2023,3:20:00,0,<site>,32841,0.166,3.4,1.13,44046.7,102,102,9.16,218.5,0.24,27.85,43306.2,28149,0.92,0,1.192,8.05,8,-71.9,-84.7,12.348,0.167,5.55,0
5/28/2023,3:25:00,0,<site>,32837.5,0.166,3.43,1.14,44051.8,101.9,101.9,9.15,222.4,0.24,27.86,43311.1,28152,0.84,0,1.192,8.05,8,-71.9,-84.5,12.339,0.164,5.55,0
5/28/2023,3:30:00,0,<site>,32823.1,0.166,3.42,1.14,44046.1,101.8,101.8,9.14,222.2,0.241,27.85,43305.2,28148,0.72,0,1.192,8.04,7.99,-71.8,-84.3,12.327,0.166,5.55,0
5/28/2023,3:35:00,0,<site>,32817.5,0.166,3.41,1.14,44048.3,101.5,101.5,9.12,225.5,0.241,27.85,43307.1,28150,0.77,0,1.192,8.04,7.99,-71.6,-84.1,12.319,0.167,5.56,0
5/28/2023,3:40:00,0,<site>,32813.1,0.166,3.41,1.14,44048.2,101.3,101.3,9.11,220.6,0.241,27.85,43306.9,28150,1.11,0,1.192,8.04,7.99,-71.6,-83.9,12.313,0.167,5.55,0
5/28/2023,3:45:00,0,<site>,32807.1,0.165,3.43,1.14,44051.6,101.2,101.2,9.1,224.2,0.24,27.86,43310.1,28152,0.82,0,1.192,8.04,7.98,-71.5,-83.7,12.303,0.165,5.55,0
5/28/2023,3:50:00,0,<site>,32803.2,0.166,3.42,1.14,44055.7,101,101,9.08,222.6,0.24,27.86,43314,28154,1.04,0,1.192,8.04,7.98,-71.3,-83.6,12.295,0.166,5.54,0
5/28/2023,3:55:00,0,<site>,32797.5,0.166,3.39,1.13,44058.9,100.7,100.7,9.05,205.4,0.24,27.86,43316.9,28156,0.77,0,1.192,8.03,7.98,-71.1,-83.6,12.285,0.165,5.55,0
5/28/2023,4:00:00,0,<site>,32785,0.165,3.46,1.15,44053.6,100.4,100.4,9.03,213.3,0.24,27.86,43311.5,28152,0.89,0,1.192,8.03,7.98,-70.9,-83.4,12.275,0.165,5.56,0
5/28/2023,4:05:00,0,<site>,32786,0.166,3.4,1.13,44061.1,100.3,100.3,9.02,202,0.24,27.86,43318.8,28157,1.14,0,1.192,8.03,7.98,-70.8,-83.3,12.27,0.166,5.55,0
5/28/2023,4:10:00,0,<site>,32769,0.165,3.19,1.06,44068,99.6,99.6,8.96,198.5,0.239,27.86,43325,28161,0.72,0,1.199,8.03,7.99,-70.8,-84,12.244,0.166,5.55,0
5/28/2023,4:15:00,0,<site>,32760.6,0.165,3.45,1.15,44055.9,99.2,99.2,8.93,210.6,0.239,27.86,43313.1,28153,0.85,0,1.199,8.03,7.99,-70.7,-83.7,12.244,0.166,5.54,0
5/28/2023,4:20:00,0,<site>,32755.5,0.165,3.51,1.17,44059.1,99.2,99.2,8.93,216.8,0.239,27.86,43316.1,28155,1,0,1.199,8.02,7.98,-70.5,-83.4,12.235,0.166,5.55,0
5/28/2023,4:25:00,0,<site>,32750.3,0.164,3.5,1.17,44062.7,99.1,99.1,8.92,220.7,0.238,27.86,43319.5,28158,0.97,0,1.199,8.03,7.98,-70.8,-83.3,12.226,0.164,5.56,0
5/28/2023,4:30:00,0,<site>,32744.6,0.164,3.52,1.17,44065.9,99.2,99.2,8.93,223.3,0.238,27.86,43322.4,28160,0.77,0,1.199,8.02,7.97,-70.6,-83.1,12.216,0.165,5.55,0
5/28/2023,4:35:00,0,<site>,32733.2,0.164,3.49,1.16,44063.8,98.9,98.9,8.91,211.8,0.238,27.86,43320.1,28158,0.74,0,1.199,8.02,7.97,-70.5,-82.9,12.205,0.165,5.55,0
5/28/2023,4:40:00,0,<site>,32725,0.164,3.46,1.15,44063.6,98.8,98.8,8.9,211.3,0.238,27.86,43319.7,28158,1.32,0,1.199,8.02,7.97,-70.6,-82.7,12.195,0.166,5.54,0
5/28/2023,4:45:00,0,<site>,32720,0.164,3.47,1.16,44065.8,98.6,98.6,8.88,218.3,0.238,27.86,43321.7,28159,1.17,0,1.199,8.02,7.96,-70.4,-82.4,12.187,0.166,5.55,0
5/28/2023,4:50:00,0,<site>,32715.5,0.165,3.46,1.15,44068,98.6,98.6,8.88,214.5,0.239,27.86,43323.7,28160,0.66,0,1.199,8.02,7.96,-70.1,-82.3,12.18,0.166,5.55,0
5/28/2023,4:55:00,0,<site>,32704.6,0.166,3.46,1.15,44067.2,98.3,98.3,8.86,215.3,0.24,27.86,43322.7,28160,0.74,0,1.199,8.02,7.96,-70.1,-82.2,12.168,0.167,5.54,0
5/28/2023,5:00:00,0,<site>,32702.8,0.165,3.43,1.14,44072,98.1,98.1,8.84,220.8,0.24,27.86,43327.3,28163,0.86,0,1.199,8,7.95,-69.1,-81.9,12.161,0.167,5.55,0
5/28/2023,5:05:00,0,<site>,32697.1,0.166,3.4,1.13,44074.2,97.7,97.7,8.81,214.2,0.24,27.86,43329.3,28164,0.78,0,1.199,8,7.95,-69,-81.7,12.153,0.167,5.54,0
5/28/2023,5:10:00,0,<site>,32685,0.165,3.2,1.07,44080.6,96.8,96.8,8.73,211.7,0.239,27.87,43335.2,28168,1.03,0,1.206,8,7.96,-69,-82.2,12.133,0.166,5.54,0
5/28/2023,5:15:00,0,<site>,32686.6,0.165,3.4,1.13,44083,96.5,96.5,8.71,210.1,0.239,27.87,43337.5,28169,0.74,0,1.206,8,7.96,-69,-82,12.133,0.166,5.55,0
5/28/2023,5:20:00,0,<site>,32677,0.165,3.45,1.15,44077.2,96.3,96.3,8.68,217.7,0.24,27.86,43331.7,28166,0.76,0,1.206,7.99,7.95,-68.8,-81.6,12.126,0.166,5.54,0
5/28/2023,5:25:00,0,<site>,32678.6,0.166,3.45,1.15,44086.4,96.1,96.1,8.67,221,0.241,27.87,43340.6,28171,1.02,0,1.206,7.99,7.94,-68.6,-81.4,12.12,0.167,5.55,0
5/28/2023,5:30:00,0,<site>,32665.1,0.166,3.47,1.16,44078,95.9,95.9,8.65,224.2,0.24,27.86,43332.2,28166,0.82,0,1.206,7.99,7.94,-68.7,-81.2,12.111,0.167,5.54,0
5/28/2023,5:35:00,0,<site>,32658.1,0.166,3.44,1.15,44078.4,95.7,95.7,8.64,210.9,0.241,27.86,43332.5,28166,1.1,0,1.206,7.99,7.95,-68.4,-81.7,12.103,0.167,5.54,0
5/28/2023,5:40:00,0,<site>,32654.3,0.167,3.4,1.13,44081.9,95.1,95.1,8.59,217,0.242,27.87,43335.7,28168,0.78,0,1.206,7.98,7.94,-68,-80.9,12.095,0.168,5.55,0
5/28/2023,5:45:00,0,<site>,32649.4,0.166,3.48,1.16,44082.9,94.8,94.8,8.56,221.8,0.241,27.87,43336.6,28169,0.79,0,1.206,7.98,7.93,-68,-80.6,12.089,0.167,5.54,0
5/28/2023,5:50:00,0,<site>,32648.6,0.167,3.45,1.15,44088.8,94.5,94.5,8.53,224.7,0.242,27.87,43342.2,28172,1.36,0,1.206,7.98,7.93,-67.9,-80.3,12.082,0.168,5.54,0
5/28/2023,5:55:00,0,<site>,32637.9,0.169,3.43,1.14,44084.1,94.2,94.2,8.51,223.6,0.244,27.87,43337.5,28169,0.75,0,1.206,7.97,7.92,-67.7,-80.2,12.074,0.169,5.54,0
5/28/2023,6:00:00,0,<site>,32635.6,0.169,3.44,1.15,44088.2,93.8,93.8,8.47,224.1,0.245,27.87,43341.4,28172,0.69,0,1.206,7.97,7.92,-67.6,-79.9,12.067,0.17,5.54,0
5/28/2023,6:05:00,0,<site>,32628.1,0.17,3.46,1.15,44083.1,93.6,93.6,8.45,221.6,0.246,27.87,43336.3,28169,0.75,0,1.206,7.97,7.91,-67.4,-79.6,12.063,0.171,5.55,0
5/28/2023,6:10:00,0,<site>,32623.8,0.17,3.13,1.04,44099,93.5,93.5,8.45,214.9,0.246,27.88,43351.5,28179,1.6,0,1.2,7.96,7.93,-67,-80.3,12.044,0.171,5.54,0
5/28/2023,6:15:00,0,<site>,32619.9,0.17,3.44,1.15,44088.5,93.3,93.3,8.43,216.1,0.246,27.87,43341.4,28172,1.01,0,1.2,7.96,7.92,-67.2,-80.2,12.048,0.171,5.54,0
5/28/2023,6:20:00,0,<site>,32616,0.171,3.45,1.15,44090.8,93.4,93.4,8.44,212.8,0.247,27.87,43343.5,28173,0.71,0,1.2,7.96,7.92,-67,-80,12.042,0.172,5.53,0
5/28/2023,6:25:00,0,<site>,32613.5,0.171,3.43,1.14,44095.1,93.3,93.3,8.44,203.4,0.248,27.87,43347.6,28176,0.94,0,1.2,7.95,7.92,-66.6,-79.8,12.035,0.172,5.54,0
5/28/2023,6:30:00,0,<site>,32610.3,0.171,3.47,1.16,44098.8,93.2,93.2,8.42,203.2,0.248,27.88,43351.1,28178,0.86,0,1.2,7.96,7.91,-66.7,-79.5,12.028,0.172,5.54,0
5/28/2023,6:35:00,0,<site>,32598.9,0.17,3.44,1.15,44090,93.1,93.1,8.42,185.3,0.247,27.87,43342.3,28172,1.09,0,1.2,7.95,7.91,-66.6,-79.7,12.022,0.17,5.53,0
5/28/2023,6:40:00,0,<site>,32602.9,0.17,3.43,1.14,44099.8,93,93,8.41,203.5,0.247,27.88,43351.9,28179,0.82,0,1.2,7.95,7.91,-66.6,-79.3,12.019,0.17,5.55,0
5/28/2023,6:45:00,0,<site>,32599.5,0.171,3.43,1.14,44098.2,92.9,92.9,8.4,197.6,0.248,27.87,43350.3,28178,0.96,0,1.2,7.95,7.91,-66.5,-79.1,12.016,0.17,5.53,0
5/28/2023,6:50:00,0,<site>,32592.6,0.172,3.43,1.14,44097,92.9,92.9,8.4,205.3,0.249,27.87,43348.9,28177,0.68,0,1.2,7.95,7.9,-66.5,-78.9,12.009,0.171,5.53,0
5/28/2023,6:55:00,0,<site>,32586.7,0.173,3.43,1.14,44097,93.1,93.1,8.42,206.2,0.251,27.87,43348.8,28177,1.42,0,1.2,7.95,7.9,-66.5,-78.7,12.002,0.172,5.54,0
5/28/2023,7:00:00,0,<site>,32581.7,0.174,3.45,1.15,44095.8,93.3,93.3,8.44,177.6,0.252,27.87,43347.5,28176,1.07,0,1.2,7.95,7.9,-66.4,-78.9,11.997,0.174,5.53,0
5/28/2023,7:05:00,0,<site>,32581.7,0.174,3.47,1.16,44099.4,92.9,92.9,8.41,196.9,0.252,27.87,43351,28178,0.99,0,1.2,7.95,7.9,-66.4,-78.9,11.994,0.174,5.54,0
5/28/2023,7:10:00,0,<site>,32572.1,0.173,3.18,1.06,44100.3,92.9,92.9,8.41,199.3,0.251,27.87,43351.7,28179,0.66,0,1.197,7.96,7.91,-66.6,-79.6,11.981,0.175,5.53,0
5/28/2023,7:15:00,0,<site>,32574.9,0.173,3.45,1.15,44100.3,92.9,92.9,8.41,209.5,0.252,27.87,43351.8,28179,0.85,0,1.197,7.96,7.91,-66.6,-79.4,11.985,0.174,5.53,0
5/28/2023,7:20:00,0,<site>,32575.3,0.174,3.42,1.14,44099.5,92.9,92.9,8.41,214.3,0.252,27.87,43351,28178,0.85,0,1.197,7.95,7.9,-66.4,-79.1,11.986,0.175,5.54,0
5/28/2023,7:25:00,0,<site>,32577.7,0.175,3.45,1.15,44105.8,92.9,92.9,8.4,217.3,0.253,27.88,43357.1,28182,0.76,0,1.197,7.95,7.9,-66.4,-78.9,11.983,0.175,5.52,0
5/28/2023,7:30:00,0,<site>,32575.1,0.175,3.39,1.13,44102,93,93,8.42,180.9,0.253,27.88,43353.4,28180,0.76,0,1.197,7.95,7.9,-66.4,-78.9,11.984,0.176,5.53,0
5/28/2023,7:35:00,0,<site>,32572.4,0.174,3.44,1.15,44102,92.9,92.9,8.41,181.9,0.252,27.87,43353.3,28180,0.7,0,1.197,7.95,7.91,-66.4,-79.6,11.98,0.175,5.54,0
5/28/2023,7:40:00,0,<site>,32572.5,0.173,3.38,1.13,44100.8,92.8,92.8,8.39,185.1,0.251,27.87,43352.2,28179,0.93,0,1.197,7.95,7.9,-66.5,-79.1,11.981,0.174,5.53,0
5/28/2023,7:45:00,0,<site>,32576.2,0.173,3.37,1.12,44103.4,93,93,8.41,200,0.251,27.88,43354.7,28181,0.93,0,1.197,7.95,7.9,-66.4,-78.8,11.984,0.174,5.54,0
5/28/2023,7:50:00,0,<site>,32582.9,0.172,3.44,1.15,44107.4,92.9,92.9,8.4,187.6,0.25,27.88,43358.8,28183,0.74,0,1.197,7.96,7.9,-66.8,-79,11.988,0.172,5.52,0
5/28/2023,7:55:00,0,<site>,32580.3,0.172,3.4,1.13,44101.3,93.5,93.5,8.46,201.7,0.249,27.87,43352.8,28179,2.05,0,1.197,7.96,7.9,-66.6,-78.7,11.99,0.173,5.53,0
5/28/2023,8:00:00,0,<site>,32585.9,0.172,3.41,1.14,44102,94,94,8.5,184.5,0.25,27.88,43353.7,28180,2.28,0,1.197,7.95,7.9,-66.6,-78.7,11.996,0.172,5.54,0
5/28/2023,8:05:00,0,<site>,32590.5,0.172,3.5,1.17,44103.8,94.6,94.6,8.56,197.9,0.25,27.88,43355.5,28181,0.82,0,1.197,7.95,7.89,-66.6,-78.2,12,0.171,5.53,0
5/28/2023,8:10:00,0,<site>,32594.3,0.172,3.22,1.07,44113.5,95.4,95.4,8.63,199.8,0.249,27.88,43364.9,28187,0.83,0,1.196,7.97,7.92,-67.4,-79.9,11.996,0.172,5.53,0
5/28/2023,8:15:00,0,<site>,32603.9,0.172,3.42,1.14,44108.3,95.6,95.6,8.65,202.9,0.249,27.88,43360.1,28184,0.79,0,1.196,7.97,7.92,-67.2,-79.9,12.012,0.173,5.52,0
5/28/2023,8:20:00,0,<site>,32607.1,0.172,3.45,1.15,44102.4,95.5,95.5,8.63,207.9,0.25,27.88,43354.5,28180,0.64,0,1.196,7.96,7.91,-67.1,-79.4,12.021,0.172,5.53,0
5/28/2023,8:25:00,0,<site>,32614,0.173,3.41,1.14,44110,95.2,95.2,8.61,174,0.251,27.88,43362,28185,0.82,0,1.196,7.97,7.91,-67.3,-79.4,12.023,0.174,5.54,0
5/28/2023,8:30:00,0,<site>,32613.3,0.173,3.42,1.14,44109.4,95.2,95.2,8.6,184.3,0.251,27.88,43361.4,28185,1.55,0,1.196,7.96,7.91,-66.7,-79.5,12.022,0.174,5.53,0
5/28/2023,8:35:00,0,<site>,32611.1,0.174,3.38,1.13,44106.4,95.8,95.8,8.66,200.9,0.252,27.88,43358.5,28183,0.86,0,1.196,7.96,7.91,-66.9,-79.4,12.022,0.175,5.54,0
5/28/2023,8:40:00,0,<site>,32607.9,0.174,3.36,1.12,44100.1,96.4,96.4,8.72,208.2,0.253,27.88,43352.3,28179,0.69,0,1.196,7.98,7.91,-68.1,-79.4,12.024,0.175,5.52,0
5/28/2023,8:45:00,0,<site>,32613.5,0.174,3.37,1.12,44109.8,96.8,96.8,8.75,202,0.253,27.88,43361.8,28185,0.68,0,1.196,7.97,7.91,-67.7,-79.4,12.022,0.175,5.53,0
5/28/2023,8:50:00,0,<site>,32613.8,0.174,3.35,1.12,44102.6,97.2,97.2,8.79,185.2,0.253,27.88,43354.8,28181,0.67,0,1.196,7.98,7.92,-67.8,-79.7,12.029,0.175,5.54,0
5/28/2023,8:55:00,0,<site>,32624,0.174,3.36,1.12,44110.6,97.5,97.5,8.81,182.4,0.252,27.88,43362.8,28186,0.73,0,1.196,7.97,7.91,-67.6,-79.7,12.034,0.175,5.53,0
5/28/2023,9:00:00,0,<site>,32630.6,0.174,3.32,1.11,44110.2,97.7,97.7,8.82,152.7,0.253,27.88,43362.6,28186,0.72,0,1.196,7.97,7.92,-67.6,-80,12.042,0.175,5.54,0
5/28/2023,9:05:00,0,<site>,32627.7,0.174,3.41,1.14,44099.5,98.1,98.1,8.87,181.5,0.253,27.88,43352.1,28179,0.78,0,1.196,7.97,7.92,-67.6,-80.1,12.048,0.175,5.52,0
5/28/2023,9:10:00,0,<site>,32637.7,0.175,3.19,1.06,44110.2,99.2,99.2,8.96,182.6,0.253,27.88,43362.7,28186,0.84,0,1.195,7.99,7.93,-68.4,-80.8,12.051,0.176,5.52,0
5/28/2023,9:15:00,0,<site>,32644,0.175,3.39,1.13,44100.5,99.4,99.4,8.97,190.9,0.255,27.88,43353.5,28180,0.71,0,1.195,7.98,7.93,-68,-80.6,12.067,0.177,5.54,0
5/28/2023,9:20:00,0,<site>,32654,0.175,3.41,1.14,44106.5,99.6,99.6,8.99,182.1,0.255,27.88,43359.5,28184,0.7,0,1.195,7.98,7.94,-68,-81.2,12.073,0.177,5.53,0
5/28/2023,9:25:00,0,<site>,32661.9,0.176,3.36,1.12,44104.3,100.7,100.7,9.09,195.3,0.255,27.88,43357.5,28182,0.7,0,1.195,7.99,7.94,-68.4,-81.1,12.085,0.177,5.53,0
5/28/2023,9:30:00,0,<site>,32667,0.176,3.45,1.15,44103.4,101.1,101.1,9.13,203,0.256,27.88,43356.8,28182,0.75,0,1.195,8,7.94,-69.3,-80.9,12.091,0.177,5.52,0
5/28/2023,9:35:00,0,<site>,32677.4,0.176,3.42,1.14,44105.5,102.4,102.4,9.24,204.4,0.256,27.88,43359.1,28183,0.69,0,1.195,8,7.93,-69.4,-80.8,12.102,0.177,5.53,0
5/28/2023,9:40:00,0,<site>,32676.9,0.176,3.48,1.16,44099.6,102.4,102.4,9.24,169.4,0.255,27.88,43353.3,28180,0.9,0,1.195,8.01,7.94,-70,-81.3,12.107,0.177,5.54,0
5/28/2023,9:45:00,0,<site>,32681.4,0.175,3.39,1.13,44100.1,102.7,102.7,9.27,192.2,0.254,27.88,43353.9,28180,0.85,0,1.195,8.02,7.94,-70.2,-81.2,12.111,0.177,5.52,0
5/28/2023,9:50:00,0,<site>,32692.4,0.175,3.26,1.09,44102.2,102.5,102.5,9.24,184.7,0.254,27.88,43356.2,28182,0.81,0,1.195,8.01,7.96,-69.6,-82,12.123,0.175,5.53,0
5/28/2023,9:55:00,0,<site>,32705.9,0.176,3.29,1.1,44100.3,102.7,102.7,9.26,183.4,0.255,27.88,43354.7,28181,1.13,0,1.195,8,7.95,-68.9,-81.8,12.14,0.176,5.52,0
5/28/2023,10:00:00,0,<site>,32716.4,0.177,3.17,1.06,44106.2,102.1,102.1,9.2,186.9,0.256,27.89,43360.6,28184,0.68,0,1.195,8,7.96,-69,-82.5,12.148,0.177,5.53,0
5/28/2023,10:05:00,0,<site>,32729.4,0.175,3.37,1.12,44107.6,103.5,103.5,9.33,188.7,0.254,27.89,43362.3,28185,0.96,0,1.195,8.01,7.97,-69.6,-82.9,12.162,0.175,5.54,0
5/28/2023,10:10:00,0,<site>,32726.4,0.176,3.26,1.09,44101.8,106.1,106.1,9.56,171.9,0.255,27.88,43356.6,28182,0.78,0,1.197,8.02,7.97,-70.4,-83.1,12.163,0.176,5.52,0
5/28/2023,10:15:00,0,<site>,32749.2,0.175,3.15,1.05,44100.3,106.6,106.6,9.6,182.2,0.254,27.88,43355.7,28181,0.83,0,1.197,8.02,7.97,-70.4,-83.1,12.192,0.175,5.53,0
5/28/2023,10:20:00,0,<site>,32759.8,0.176,3.38,1.13,44102.8,107,107,9.64,168.5,0.255,27.89,43358.3,28183,0.89,0,1.197,8.02,7.97,-70.3,-83,12.202,0.174,5.52,0
5/28/2023,10:25:00,0,<site>,32786.6,0.175,3.12,1.04,44100.6,106.9,106.9,9.62,174.2,0.254,27.89,43356.9,28182,1.03,0,1.197,8.02,7.98,-70.6,-83.5,12.236,0.176,5.53,0
5/28/2023,10:30:00,0,<site>,32802.8,0.175,3.14,1.05,44100.6,107.6,107.6,9.68,175.5,0.254,27.89,43357.3,28182,0.77,0,1.197,8.03,7.98,-71.1,-83.7,12.255,0.176,5.53,0
5/28/2023,10:35:00,0,<site>,32820.6,0.175,2.98,0.99,44094.8,108.2,108.2,9.72,183,0.254,27.89,43352.1,28179,0.91,0,1.197,8.04,7.98,-71.2,-83.7,12.281,0.176,5.52,0
5/28/2023,10:40:00,0,<site>,32851.2,0.176,3.36,1.12,44107.9,109.5,109.5,9.84,188.5,0.255,27.9,43365.5,28188,0.81,0,1.197,8.04,8,-71.8,-84.4,12.306,0.176,5.53,0
5/28/2023,10:45:00,0,<site>,32852.1,0.176,3.14,1.05,44069.2,111.5,111.5,10.01,182.8,0.255,27.87,43328.2,28163,0.75,0,1.197,8.05,8,-72.1,-84.6,12.341,0.177,5.52,0
5/28/2023,10:50:00,0,<site>,32918.8,0.175,3,1,44058.6,112,112,10.04,181.1,0.254,27.87,43319.6,28158,0.74,0,1.197,8.06,8,-72.5,-84.8,12.43,0.176,5.53,0
5/28/2023,10:55:00,0,<site>,32951.1,0.175,3.09,1.03,44061.7,113.1,113.1,10.13,184.1,0.254,27.87,43323.5,28160,1.39,0,1.197,8.06,8.01,-72.6,-85.1,12.465,0.176,5.54,0
5/28/2023,11:00:00,0,<site>,33002.2,0.176,3.07,1.02,44069.4,114.1,114.1,10.2,185.6,0.255,27.88,43332.3,28166,0.85,0,1.197,8.07,8.01,-73,-85.3,12.519,0.177,5.53,0
5/28/2023,11:05:00,0,<site>,33048.7,0.176,3.05,1.02,44073.9,114.9,114.9,10.27,184.9,0.256,27.88,43337.8,28170,0.69,0,1.197,8.07,8.02,-73.3,-85.8,12.57,0.177,5.53,0
5/28/2023,11:10:00,0,<site>,33059,0.176,3.03,1.01,44084.9,116.8,116.8,10.44,177.3,0.256,27.89,43348.7,28177,0.71,0,1.196,8.08,8.03,-73.8,-86.4,12.572,0.178,5.52,0
5/28/2023,11:15:00,0,<site>,33086,0.177,3.12,1.04,44084.1,117.1,117.1,10.46,181.5,0.256,27.89,43348.7,28177,0.93,0,1.196,8.08,8.03,-74,-86.5,12.605,0.178,5.53,0
5/28/2023,11:20:00,0,<site>,33151.5,0.178,2.94,0.98,44066.7,117.7,117.7,10.49,178.9,0.258,27.89,43333.8,28167,0.67,0,1.196,8.09,8.03,-74.3,-86.7,12.698,0.179,5.54,0
5/28/2023,11:25:00,0,<site>,33177.6,0.177,3.11,1.04,44072,118.2,118.2,10.53,181,0.257,27.89,43339.6,28171,0.65,0,1.196,8.09,8.04,-74.7,-87.2,12.724,0.179,5.53,0
5/28/2023,11:30:00,0,<site>,33211,0.176,3.28,1.09,44076.9,119.5,119.5,10.63,183.5,0.255,27.9,43345.2,28174,1.26,0,1.196,8.09,8.04,-74.7,-87.2,12.759,0.177,5.54,0
5/28/2023,11:35:00,0,<site>,33241.8,0.176,3.24,1.08,44067.4,119.9,119.9,10.66,186,0.256,27.89,43337,28169,0.89,0,1.196,8.13,8.08,-76.8,-89.5,12.804,0.178,5.52,0
5/28/2023,11:40:00,0,<site>,33277.6,0.176,3.17,1.06,44072.1,125.5,125.5,11.15,185.8,0.255,27.9,43342.5,28173,0.7,0,1.196,8.13,8.09,-76.8,-89.7,12.842,0.177,5.53,0
5/28/2023,11:45:00,0,<site>,33324,0.176,3.18,1.06,44072.4,127.1,127.1,11.28,181.5,0.255,27.9,43344.2,28174,0.62,0,1.196,8.14,8.1,-77.2,-90.6,12.896,0.176,5.54,0
5/28/2023,11:50:00,0,<site>,33368.5,0.176,2.98,0.99,44049.3,127.8,127.8,11.32,180.6,0.255,27.89,43323.4,28160,0.77,0,1.196,8.13,8.13,-76.9,-92,12.97,0.177,5.53,0
5/28/2023,11:55:00,0,<site>,33423.3,0.176,3.3,1.1,44059.9,129.1,129.1,11.43,181.6,0.255,27.9,43335.2,28168,0.65,0,1.196,8.16,8.1,-78.4,-90.6,13.025,0.177,5.54,0
5/28/2023,12:00:00,0,<site>,33432.1,0.175,2.98,0.99,44025.2,130.3,130.3,11.53,182.4,0.254,27.88,43302.2,28146,0.63,0,1.196,8.16,8.1,-78.5,-90.3,13.066,0.175,5.53,0
5/28/2023,12:05:00,0,<site>,33459.6,0.175,2.9,0.97,44020.1,129.9,129.9,11.48,181.9,0.254,27.87,43298.2,28144,0.56,0,1.196,8.16,8.12,-78.8,-91.5,13.103,0.176,5.53,0
5/28/2023,12:10:00,0,<site>,33505.7,0.175,2.91,0.97,44018.8,132.6,132.6,11.7,177.2,0.254,27.88,43298.4,28144,0.72,0,1.199,8.16,8.12,-78.3,-91.6,13.159,0.176,5.54,0
5/28/2023,12:15:00,0,<site>,33545.5,0.176,2.83,0.94,44006.3,134.4,134.4,11.85,179,0.255,27.87,43287.7,28137,0.7,0,1.199,8.16,8.13,-78.8,-92.1,13.217,0.177,5.54,0
5/28/2023,12:20:00,0,<site>,33577.6,0.175,2.9,0.97,44006.2,132.5,132.5,11.67,179.1,0.253,27.87,43288.7,28138,0.81,0,1.199,8.16,8.12,-78.5,-91.6,13.255,0.176,5.54,0
5/28/2023,12:25:00,0,<site>,33624,0.175,2.89,0.96,44004.6,131,131,11.53,181.3,0.253,27.87,43288.7,28138,0.66,0,1.199,8.15,8.1,-78.1,-90.5,13.311,0.176,5.53,0
5/28/2023,12:30:00,0,<site>,33636.1,0.174,2.95,0.98,44001,130.9,130.9,11.51,181.9,0.253,27.87,43285.7,28136,0.66,0,1.199,8.16,8.11,-78.4,-90.9,13.328,0.175,5.54,0
5/28/2023,12:35:00,0,<site>,33675.7,0.174,2.89,0.96,43986.9,131.1,131.1,11.52,182,0.252,27.86,43273.4,28128,0.57,0,1.199,8.16,8.15,-78.8,-93.4,13.388,0.175,5.54,0
5/28/2023,12:40:00,0,<site>,33705.2,0.173,2.98,0.99,44011.2,132.7,132.7,11.65,182.5,0.252,27.88,43297.8,28144,0.64,0,1.199,8.17,8.11,-79,-91.3,13.401,0.175,5.53,0
5/28/2023,12:45:00,0,<site>,33762.4,0.173,3.07,1.02,44015.9,132.6,132.6,11.63,181.2,0.251,27.89,43304.2,28148,0.7,0,1.199,8.17,8.12,-79.1,-91.5,13.464,0.175,5.54,0
5/28/2023,12:50:00,0,<site>,33776.4,0.174,2.87,0.96,43984.8,133.9,133.9,11.74,180.3,0.252,27.87,43274.9,28129,0.65,0,1.199,8.18,8.12,-79.6,-92,13.508,0.175,5.53,0
5/28/2023,12:55:00,0,<site>,33814.9,0.173,3.07,1.02,43992.7,134.6,134.6,11.79,181.5,0.251,27.88,43283.9,28135,0.7,0,1.199,8.18,8.13,-79.7,-92.1,13.546,0.173,5.54,0
5/28/2023,13:00:00,0,<site>,33842.6,0.173,2.89,0.96,43963.2,134.9,134.9,11.8,181.8,0.251,27.86,43256.7,28117,0.64,0,1.199,8.18,8.14,-80,-92.6,13.606,0.174,5.54,0
5/28/2023,13:05:00,0,<site>,33913,0.173,2.83,0.94,44005.3,136.1,136.1,11.89,181.9,0.25,27.89,43299.5,28145,0.65,0,1.199,8.19,8.14,-80.3,-92.8,13.65,0.174,5.53,0
5/28/2023,13:10:00,0,<site>,33911.2,0.172,2.94,0.98,43991.4,137.7,137.7,12.03,179.2,0.25,27.88,43286,28136,0.74,0,1.191,8.2,8.14,-80.7,-93.2,13.661,0.174,5.53,0
5/28/2023,13:15:00,0,<site>,33965,0.172,3.12,1.04,43998.6,139,139,12.13,179.8,0.25,27.89,43294.9,28142,0.7,0,1.191,8.2,8.15,-81.1,-93.5,13.717,0.174,5.53,0
5/28/2023,13:20:00,0,<site>,33968.2,0.172,2.94,0.98,43956.1,139.4,139.4,12.16,180.5,0.249,27.86,43254.5,28115,0.6,0,1.191,8.21,8.15,-81.3,-93.7,13.76,0.171,5.53,0
5/28/2023,13:25:00,0,<site>,34051,0.172,2.98,0.99,44006.8,140.1,140.1,12.2,178.8,0.249,27.9,43305.9,28149,0.65,0,1.191,8.21,8.16,-81.6,-94,13.811,0.173,5.54,0
5/28/2023,13:30:00,0,<site>,34030.2,0.172,3.01,1,43939.8,140.5,140.5,12.22,180.2,0.249,27.85,43241.2,28107,0.52,0,1.191,8.22,8.16,-81.8,-94.2,13.847,0.172,5.53,0
5/28/2023,13:35:00,0,<site>,34082.3,0.17,2.93,0.98,43942.2,141.6,141.6,12.31,178.8,0.246,27.86,43245.4,28110,0.58,0,1.191,8.22,8.17,-82.1,-94.5,13.906,0.17,5.53,0
5/28/2023,13:40:00,0,<site>,34133.1,0.17,2.84,0.95,43971.7,142.4,142.4,12.37,178,0.247,27.88,43275.5,28129,0.74,0,1.191,8.22,8.17,-82.2,-94.6,13.939,0.171,5.53,0
5/28/2023,13:45:00,0,<site>,34163.5,0.17,2.79,0.93,43957.5,142.9,142.9,12.4,177.5,0.246,27.87,43263.1,28121,0.51,0,1.191,8.23,8.17,-82.5,-94.9,13.988,0.171,5.53,0
5/28/2023,13:50:00,0,<site>,34164.2,0.169,2.88,0.96,43930.6,144.1,144.1,12.5,177.4,0.245,27.85,43237.5,28104,0.64,0,1.191,8.23,8.18,-82.8,-95.3,14.013,0.17,5.54,0
5/28/2023,13:55:00,0,<site>,34197.5,0.169,2.94,0.98,43917.6,145.6,145.6,12.61,177.9,0.245,27.85,43226.4,28097,0.61,0,1.191,8.24,8.19,-83.2,-95.7,14.064,0.17,5.53,0
5/28/2023,14:00:00,0,<site>,34261.8,0.169,3.12,1.04,43931.1,146.7,146.7,12.69,179.2,0.245,27.86,43241.8,28107,0.6,0,1.191,8.24,8.18,-83.2,-95.6,14.127,0.169,5.53,0
5/28/2023,14:05:00,0,<site>,34291,0.168,3.05,1.02,43947.7,147.2,147.2,12.73,178.2,0.244,27.87,43258.8,28118,0.62,0,1.191,8.24,8.19,-83.5,-95.9,14.146,0.169,5.53,0
5/28/2023,14:10:00,0,<site>,34276.3,0.167,3.02,1.01,43937.5,148.3,148.3,12.83,175.7,0.242,27.87,43248.6,28112,0.78,0,1.207,8.24,8.19,-83.6,-96.1,14.138,0.168,5.53,0
5/28/2023,14:15:00,0,<site>,34298.9,0.167,2.97,0.99,43962.5,148.4,148.4,12.84,176.3,0.242,27.88,43273.3,28128,0.59,0,1.207,8.25,8.2,-83.9,-96.2,14.142,0.168,5.53,0
5/28/2023,14:20:00,0,<site>,34312.7,0.168,2.91,0.97,43956.5,149.1,149.1,12.89,175.2,0.243,27.88,43268.1,28124,0.64,0,1.207,8.26,8.2,-84.3,-96.7,14.164,0.168,5.53,0
5/28/2023,14:25:00,0,<site>,34338.6,0.167,2.87,0.96,43968.1,149.1,149.1,12.88,176.3,0.242,27.89,43280.2,28132,0.58,0,1.207,8.26,8.21,-84.6,-96.9,14.183,0.168,5.53,0
5/28/2023,14:30:00,0,<site>,34361.8,0.167,2.74,0.91,43957.2,149.5,149.5,12.91,174.8,0.242,27.88,43270.7,28126,0.64,0,1.207,8.26,8.21,-84.7,-97.2,14.221,0.167,5.52,0
5/28/2023,14:35:00,0,<site>,34386.3,0.166,2.84,0.95,43954,149.9,149.9,12.94,171.7,0.24,27.88,43268.8,28125,0.57,0,1.207,8.27,8.22,-85.1,-97.5,14.252,0.167,5.53,0
5/28/2023,14:40:00,0,<site>,34423.6,0.167,2.81,0.94,43972.6,150.3,150.3,12.96,171,0.241,27.9,43288,28137,0.71,0,1.207,8.28,8.22,-85.4,-97.9,14.279,0.168,5.53,0
5/28/2023,14:45:00,0,<site>,34447.2,0.167,2.78,0.93,43957.9,151.4,151.4,13.04,167.8,0.242,27.89,43275,28129,0.59,0,1.207,8.28,8.23,-85.6,-98.1,14.32,0.168,5.53,0
5/28/2023,14:50:00,0,<site>,34473.1,0.167,2.8,0.93,43957.8,151.3,151.3,13.03,166.2,0.242,27.89,43275.9,28129,0.6,0,1.207,8.28,8.23,-85.9,-98.2,14.35,0.167,5.53,0
5/28/2023,14:55:00,0,<site>,34498.5,0.166,2.75,0.92,43951.6,152.9,152.9,13.16,167,0.241,27.89,43271,28126,0.65,0,1.207,8.29,8.23,-86,-98.5,14.386,0.166,5.52,0
5/28/2023,15:00:00,0,<site>,34530.8,0.166,2.89,0.96,43958,152.6,152.6,13.12,164,0.241,27.89,43278.5,28131,0.65,0,1.207,8.29,8.24,-86.4,-98.8,14.417,0.167,5.52,0
5/28/2023,15:05:00,0,<site>,34562.2,0.166,2.89,0.96,43956.6,154.5,154.5,13.27,164.2,0.24,27.89,43278.5,28131,0.68,0,1.207,8.3,8.24,-86.6,-99.1,14.455,0.166,5.53,0
5/28/2023,15:10:00,0,<site>,34573.8,0.165,2.77,0.92,43948.4,156.9,156.9,13.48,151.7,0.24,27.89,43271.2,28126,1.11,0,1.191,8.3,8.25,-86.9,-99.5,14.477,0.166,5.52,0
5/28/2023,15:15:00,0,<site>,34611.6,0.165,2.73,0.91,43953.3,157.8,157.8,13.54,157.8,0.239,27.89,43277.5,28130,0.82,0,1.191,8.3,8.25,-87.1,-99.7,14.516,0.165,5.52,0
5/28/2023,15:20:00,0,<site>,34626.1,0.165,2.83,0.94,43949.4,156.4,156.4,13.42,160.7,0.239,27.89,43274.4,28128,0.67,0,1.191,8.31,8.26,-87.2,-100.2,14.537,0.164,5.52,0
5/28/2023,15:25:00,0,<site>,34646,0.165,2.77,0.92,43947,157,157,13.46,161.3,0.239,27.89,43273,28127,0.75,0,1.191,8.31,8.26,-87.2,-99.9,14.562,0.164,5.52,0
5/28/2023,15:30:00,0,<site>,34669.9,0.164,2.76,0.92,43946.1,157,157,13.45,163,0.238,27.89,43273.1,28128,0.85,0,1.191,8.31,8.26,-87.7,-100.2,14.591,0.165,5.53,0
5/28/2023,15:35:00,0,<site>,34675,0.163,2.78,0.93,43942.9,158,158,13.53,159.2,0.236,27.89,43270.3,28126,0.81,0,1.191,8.32,8.27,-87.7,-100.5,14.6,0.162,5.52,0
5/28/2023,15:40:00,0,<site>,34701.7,0.162,2.74,0.91,43942,160.2,160.2,13.72,155.5,0.235,27.89,43270.7,28126,0.88,0,1.191,8.32,8.27,-88,-100.7,14.632,0.163,5.52,0
5/28/2023,15:45:00,0,<site>,34762.4,0.161,2.9,0.97,43945.4,160.7,160.7,13.74,143.4,0.234,27.9,43276.6,28130,0.77,0,1.191,8.32,8.27,-88,-100.8,14.7,0.162,5.51,0
5/28/2023,15:50:00,0,<site>,34771.6,0.161,2.76,0.92,43943.1,159.9,159.9,13.67,157.2,0.233,27.9,43274.7,28129,0.67,0,1.191,8.32,8.27,-87.9,-100.5,14.712,0.16,5.52,0
5/28/2023,15:55:00,0,<site>,34785.3,0.161,2.86,0.95,43934.6,159.3,159.3,13.61,163.6,0.233,27.89,43267.3,28124,0.69,0,1.191,8.33,8.28,-88.4,-101.2,14.736,0.162,5.52,0
5/28/2023,16:00:00,0,<site>,34810.2,0.16,2.97,0.99,43942.4,159.1,159.1,13.58,169.5,0.231,27.9,43275.9,28129,0.63,0,1.191,8.33,8.29,-88.7,-101.6,14.758,0.16,5.52,0
5/28/2023,16:05:00,0,<site>,34815.5,0.16,3.24,1.08,43926,159.5,159.5,13.62,171.7,0.231,27.89,43260.5,28119,0.69,0,1.191,8.32,8.28,-88.1,-101.3,14.779,0.16,5.52,0
5/28/2023,16:10:00,0,<site>,34828.3,0.159,3.04,1.01,43890,164.4,164.4,14.02,173.2,0.231,27.86,43226.9,28097,0.76,0,1.196,8.32,8.28,-88.4,-101.4,14.828,0.16,5.51,0
5/28/2023,16:15:00,0,<site>,34878.6,0.159,3.23,1.08,43887.1,164.8,164.8,14.04,176.2,0.23,27.86,43226.4,28097,0.62,0,1.196,8.33,8.29,-88.8,-102,14.889,0.16,5.52,0
5/28/2023,16:20:00,0,<site>,34897,0.159,3.26,1.09,43897.7,166.6,166.6,14.19,180.7,0.231,27.87,43237.3,28104,0.7,0,1.196,8.34,8.28,-89.3,-101.5,14.901,0.159,5.52,0
5/28/2023,16:25:00,0,<site>,34908.5,0.158,3.54,1.18,43900.9,167.1,167.1,14.23,178.7,0.229,27.88,43240.9,28107,0.94,0,1.196,8.34,8.28,-89.5,-101.6,14.911,0.159,5.52,0
5/28/2023,16:30:00,0,<site>,34908.9,0.158,3.17,1.06,43922.3,167,167,14.23,181.7,0.229,27.89,43261.2,28120,0.66,0,1.196,8.34,8.28,-89.5,-101.4,14.892,0.158,5.52,0
5/28/2023,16:35:00,0,<site>,34898.6,0.156,3.56,1.19,43912,167.2,167.2,14.24,184,0.227,27.88,43251,28113,0.68,0,1.196,8.34,8.28,-89.4,-101.5,14.889,0.157,5.51,0
5/28/2023,16:40:00,0,<site>,34918.2,0.156,3.51,1.17,43927.3,168.4,168.4,14.34,183.7,0.226,27.89,43266.3,28123,0.68,0,1.196,8.36,8.3,-90.3,-102.6,14.898,0.156,5.51,0
5/28/2023,16:45:00,0,<site>,34923,0.156,3.5,1.17,43927.5,170.1,170.1,14.49,186.1,0.225,27.89,43266.8,28123,0.65,0,1.196,8.37,8.31,-90.7,-102.7,14.903,0.156,5.52,0
5/28/2023,16:50:00,0,<site>,34930.1,0.155,3.54,1.18,43929.1,171,171,14.56,187.4,0.225,27.9,43268.7,28125,0.67,0,1.196,8.36,8.3,-90.3,-102.7,14.91,0.156,5.51,0
5/28/2023,16:55:00,0,<site>,34933.5,0.154,3.55,1.18,43938.7,170.6,170.6,14.52,189.2,0.224,27.9,43277.9,28131,1.18,0,1.196,8.36,8.31,-90.6,-103,14.905,0.155,5.52,0
5/28/2023,17:00:00,0,<site>,34939.7,0.154,3.69,1.23,43929.9,173.7,173.7,14.79,186.9,0.224,27.9,43269.8,28125,0.68,0,1.196,8.37,8.31,-90.8,-103,14.921,0.154,5.51,0
5/28/2023,17:05:00,0,<site>,34967.8,0.154,3.42,1.14,43951.9,173,173,14.72,188.7,0.223,27.91,43292,28140,0.63,0,1.196,8.37,8.31,-90.8,-102.8,14.933,0.155,5.52,0
5/28/2023,17:10:00,0,<site>,34955.7,0.153,3.42,1.14,43948.3,173.4,173.4,14.76,187.4,0.222,27.91,43288,28137,1.25,0,1.202,8.37,8.33,-91.2,-104,14.922,0.155,5.52,0
5/28/2023,17:15:00,0,<site>,34974.3,0.153,3.52,1.17,43942.4,173.5,173.5,14.75,187.6,0.222,27.91,43283.3,28134,0.7,0,1.202,8.37,8.33,-91,-103.9,14.949,0.154,5.5,0
5/28/2023,17:20:00,0,<site>,34954.9,0.152,3.58,1.19,43925.8,173.3,173.3,14.75,190.9,0.221,27.89,43266.6,28123,1.54,0,1.202,8.38,8.32,-91.5,-103.6,14.942,0.153,5.51,0
5/28/2023,17:25:00,0,<site>,34963.4,0.152,3.5,1.17,43931,172.1,172.1,14.64,192.4,0.22,27.9,43271.9,28127,0.62,0,1.202,8.38,8.32,-91.5,-103.5,14.947,0.153,5.53,0
5/28/2023,17:30:00,0,<site>,34964,0.152,3.59,1.2,43924,172.9,172.9,14.71,192.3,0.22,27.89,43265.4,28122,0.54,0,1.202,8.37,8.31,-91.2,-103.2,14.954,0.152,5.52,0
5/28/2023,17:35:00,0,<site>,34964.1,0.151,3.42,1.14,43925,172,172,14.63,194,0.219,27.89,43266.3,28123,1.07,0,1.202,8.37,8.32,-91.1,-103.5,14.954,0.152,5.52,0
5/28/2023,17:40:00,0,<site>,34965.2,0.15,3.59,1.2,43925,172.4,172.4,14.66,194.8,0.218,27.89,43266.3,28123,0.81,0,1.202,8.38,8.32,-91.7,-103.4,14.955,0.151,5.51,0
5/28/2023,17:45:00,0,<site>,34952.9,0.149,3.66,1.22,43916.9,173.7,173.7,14.78,195.4,0.217,27.89,43258.1,28118,0.72,0,1.202,8.39,8.32,-92.2,-103.6,14.948,0.15,5.52,0
5/28/2023,17:50:00,0,<site>,34922.2,0.149,3.76,1.25,43907.8,173.8,173.8,14.8,193.4,0.216,27.88,43248.1,28111,0.9,0,1.202,8.39,8.32,-92.2,-103.7,14.921,0.15,5.53,0
5/28/2023,17:55:00,0,<site>,34906.4,0.15,3.63,1.21,43905.8,172.9,172.9,14.73,193.4,0.217,27.88,43245.5,28110,0.81,0,1.202,8.39,8.32,-92,-103.8,14.904,0.15,5.52,0
5/28/2023,18:00:00,0,<site>,34881.4,0.149,3.75,1.25,43900.7,173.4,173.4,14.77,194.4,0.216,27.87,43239.4,28106,0.68,0,1.202,8.4,8.32,-92.5,-103.8,14.88,0.149,5.53,0
5/28/2023,18:05:00,0,<site>,34877,0.148,3.51,1.17,43912.9,176,176,15,196.5,0.214,27.88,43250.8,28113,0.95,0,1.202,8.4,8.33,-92.8,-104.3,14.863,0.149,5.51,0
5/28/2023,18:10:00,0,<site>,34849.3,0.147,3.34,1.11,43925.2,174.6,174.6,14.89,193.9,0.214,27.89,43261.2,28120,1.48,0,1.189,8.4,8.35,-92.5,-105.1,14.82,0.148,5.51,0
5/28/2023,18:15:00,0,<site>,34844.5,0.147,3.71,1.24,43915.1,172.8,172.8,14.74,194.6,0.214,27.88,43251.4,28113,0.65,0,1.189,8.39,8.34,-92.3,-104.6,14.823,0.149,5.53,0
5/28/2023,18:20:00,0,<site>,34818.7,0.148,3.81,1.27,43908.5,171.7,171.7,14.66,196.1,0.215,27.88,43244,28109,0.68,0,1.189,8.4,8.34,-92.6,-104.5,14.799,0.149,5.52,0
5/28/2023,18:25:00,0,<site>,34806.7,0.148,3.64,1.21,43913.9,170.9,170.9,14.59,198.7,0.214,27.88,43248.6,28112,1.26,0,1.189,8.39,8.33,-92.2,-104.3,14.78,0.146,5.52,0
5/28/2023,18:30:00,0,<site>,34796.9,0.148,3.71,1.24,43917.9,170.1,170.1,14.53,198.8,0.214,27.88,43252,28114,0.73,0,1.189,8.38,8.33,-91.5,-104.1,14.765,0.149,5.51,0
5/28/2023,18:35:00,0,<site>,34783.1,0.148,3.69,1.23,43919.2,169.8,169.8,14.51,200.7,0.214,27.88,43252.6,28114,0.94,0,1.189,8.38,8.32,-91.4,-103.3,14.748,0.148,5.51,0
5/28/2023,18:40:00,0,<site>,34771.3,0.147,3.68,1.23,43920.6,168.1,168.1,14.36,187.5,0.213,27.88,43253.4,28115,0.58,0,1.189,8.38,8.32,-91.5,-103.6,14.733,0.148,5.52,0
5/28/2023,18:45:00,0,<site>,34771.5,0.146,3.43,1.14,43917.8,167.7,167.7,14.33,190,0.212,27.88,43250.7,28113,0.94,0,1.189,8.37,8.31,-91,-103.1,14.736,0.148,5.51,0
5/28/2023,18:50:00,0,<site>,34749.6,0.147,3.75,1.25,43920.9,166.5,166.5,14.23,193.7,0.213,27.88,43252.7,28114,0.79,0,1.189,8.37,8.32,-90.8,-103.3,14.707,0.148,5.52,0
5/28/2023,18:55:00,0,<site>,34736,0.147,3.83,1.28,43924.9,166.5,166.5,14.24,197.3,0.213,27.88,43255.9,28116,0.72,0,1.189,8.36,8.31,-90.6,-103.1,14.688,0.147,5.5,0
5/28/2023,19:00:00,0,<site>,34708,0.147,3.68,1.23,43912.8,165.1,165.1,14.13,199.8,0.213,27.87,43243.2,28108,0.72,0,1.189,8.36,8.31,-90.4,-102.8,14.666,0.148,5.51,0
5/28/2023,19:05:00,0,<site>,34696,0.147,3.69,1.23,43915.2,164.1,164.1,14.04,201.4,0.213,27.87,43244.9,28109,0.89,0,1.189,8.37,8.31,-90.7,-102.8,14.65,0.148,5.52,0
5/28/2023,19:10:00,0,<site>,34658.3,0.147,3.47,1.16,43921.3,164,164,14.05,197.5,0.213,27.88,43249,28112,1.08,0,1.201,8.37,8.32,-90.7,-103.3,14.6,0.147,5.5,0
5/28/2023,19:15:00,0,<site>,34657,0.146,3.67,1.22,43914.8,164,164,14.05,195.4,0.212,27.87,43242.8,28108,0.77,0,1.201,8.37,8.32,-90.7,-103.3,14.605,0.146,5.51,0
5/28/2023,19:20:00,0,<site>,34630.5,0.147,3.68,1.23,43916.3,163.4,163.4,14.01,198.9,0.213,27.87,43243.1,28108,0.62,0,1.201,8.36,8.31,-90.4,-103,14.572,0.147,5.5,0
5/28/2023,19:25:00,0,<site>,34612.1,0.146,3.63,1.21,43912.4,162.4,162.4,13.93,201.1,0.212,27.87,43238.6,28105,0.88,0,1.201,8.36,8.31,-90.4,-102.8,14.554,0.146,5.51,0
5/28/2023,19:30:00,0,<site>,34582.9,0.148,3.66,1.22,43905.2,162.1,162.1,13.91,202.6,0.214,27.86,43230.5,28100,0.82,0,1.201,8.36,8.3,-90.4,-102.6,14.527,0.148,5.51,0
5/28/2023,19:35:00,0,<site>,34567.9,0.147,3.64,1.21,43912.6,161,161,13.83,203.5,0.214,27.86,43236.9,28104,0.71,0,1.201,8.36,8.3,-90.3,-102.5,14.503,0.148,5.5,0
5/28/2023,19:40:00,0,<site>,34553.7,0.147,3.69,1.23,43913.9,160.5,160.5,13.78,204.3,0.214,27.86,43237.5,28104,0.82,0,1.201,8.36,8.3,-90.3,-102.4,14.485,0.148,5.51,0
5/28/2023,19:45:00,0,<site>,34532.1,0.147,3.64,1.21,43908.1,159.8,159.8,13.73,204.9,0.214,27.86,43231.1,28100,1.1,0,1.201,8.36,8.3,-90.2,-102.4,14.465,0.148,5.5,0
5/28/2023,19:50:00,0,<site>,34505.8,0.148,3.64,1.21,43908.5,159.6,159.6,13.72,205.5,0.214,27.86,43230.4,28100,1.03,0,1.201,8.36,8.3,-90,-102.3,14.434,0.149,5.5,0
5/28/2023,19:55:00,0,<site>,34473.6,0.148,3.64,1.21,43900.1,157.7,157.7,13.57,202,0.215,27.85,43221.1,28094,0.7,0,1.201,8.36,8.3,-90,-102.4,14.404,0.149,5.51,0
5/28/2023,20:00:00,0,<site>,34453.2,0.148,3.61,1.2,43909.9,158.5,158.5,13.65,203.8,0.214,27.86,43229.5,28099,0.62,0,1.201,8.35,8.3,-89.9,-102.4,14.371,0.148,5.5,0
5/28/2023,20:05:00,0,<site>,34418.6,0.148,3.61,1.2,43905.4,157.7,157.7,13.59,205.1,0.215,27.85,43223.8,28095,0.61,0,1.201,8.35,8.3,-89.8,-102.2,14.334,0.148,5.51,0
5/28/2023,20:10:00,0,<site>,34361.7,0.147,3.37,1.12,43913.7,156.8,156.8,13.53,194.1,0.213,27.85,43229.3,28099,1.59,0,1.195,8.33,8.29,-88.7,-101.5,14.26,0.149,5.49,0
5/28/2023,20:15:00,0,<site>,34357.3,0.147,3.63,1.21,43905.6,156.8,156.8,13.53,198.6,0.213,27.85,43221.4,28094,0.61,0,1.195,8.35,8.29,-89.5,-102,14.262,0.148,5.5,0
5/28/2023,20:20:00,0,<site>,34323.5,0.147,3.53,1.18,43898.5,156.3,156.3,13.5,201.7,0.213,27.84,43213.3,28089,0.9,0,1.195,8.35,8.29,-89.4,-101.9,14.229,0.148,5.5,0
5/28/2023,20:25:00,0,<site>,34279.5,0.146,3.56,1.19,43900.5,155.5,155.5,13.44,196.5,0.212,27.84,43213.4,28089,0.74,0,1.195,8.34,8.29,-89,-101.5,14.176,0.147,5.5,0
5/28/2023,20:30:00,0,<site>,34252.7,0.146,3.57,1.19,43904.1,153.5,153.5,13.28,184.4,0.212,27.84,43215.8,28090,0.62,0,1.195,8.34,8.29,-88.9,-101.4,14.141,0.146,5.5,0
5/28/2023,20:35:00,0,<site>,34220.5,0.146,3.62,1.21,43903.6,152.5,152.5,13.21,192.5,0.212,27.84,43214,28089,0.83,0,1.195,8.34,8.28,-88.8,-101.2,14.104,0.145,5.49,0
5/28/2023,20:40:00,0,<site>,34193.1,0.146,3.54,1.18,43903.4,152.6,152.6,13.22,196.6,0.212,27.84,43212.7,28088,0.75,0,1.195,8.33,8.28,-88.7,-101.1,14.072,0.147,5.5,0
5/28/2023,20:45:00,0,<site>,34166.4,0.146,3.53,1.18,43904.9,151.9,151.9,13.17,197.5,0.212,27.84,43213.1,28089,0.63,0,1.195,8.33,8.28,-88.5,-100.8,14.039,0.148,5.5,0
5/28/2023,20:50:00,0,<site>,34134.3,0.147,3.55,1.18,43903.7,151.2,151.2,13.12,196.3,0.213,27.83,43210.7,28087,0.78,0,1.195,8.33,8.27,-88.2,-100.7,14.003,0.148,5.49,0
5/28/2023,20:55:00,0,<site>,34102.4,0.146,3.58,1.19,43908.3,149.8,149.8,13.01,199.3,0.212,27.84,43213.9,28089,0.66,0,1.195,8.32,8.27,-88.1,-100.5,13.961,0.146,5.5,0
5/28/2023,21:00:00,0,<site>,34073.1,0.147,3.48,1.16,43905.7,149.2,149.2,12.97,201.9,0.214,27.83,43210.3,28087,0.59,0,1.195,8.32,8.27,-88,-100.3,13.929,0.146,5.48,0
5/28/2023,21:05:00,0,<site>,34044.8,0.148,3.41,1.14,43906.3,148.8,148.8,12.94,203.9,0.214,27.83,43209.8,28086,1.15,0,1.195,8.32,8.27,-87.9,-100.2,13.895,0.146,5.5,0
5/28/2023,21:10:00,0,<site>,33999.7,0.148,3.33,1.11,43916.2,146.9,146.9,12.79,199.8,0.215,27.84,43217.5,28091,0.92,0,1.203,8.31,8.26,-87.4,-100,13.833,0.149,5.5,0
5/28/2023,21:15:00,0,<site>,33995.7,0.149,3.23,1.08,43913.5,146.6,146.6,12.77,196.8,0.216,27.83,43214.7,28090,0.81,0,1.203,8.31,8.26,-87.2,-100,13.831,0.149,5.49,0
5/28/2023,21:20:00,0,<site>,33936.9,0.149,3.58,1.19,43897,145.9,145.9,12.72,200.4,0.216,27.82,43196.8,28078,0.79,0,1.203,8.29,8.25,-86,-99.4,13.777,0.15,5.5,0
5/28/2023,21:25:00,0,<site>,33914.4,0.149,3.56,1.19,43904.6,144.4,144.4,12.59,202,0.216,27.82,43203.3,28082,0.92,0,1.203,8.28,8.25,-85.6,-99.2,13.743,0.15,5.48,0
5/28/2023,21:30:00,0,<site>,33896.1,0.149,3.62,1.21,43911.1,142.4,142.4,12.43,199.4,0.216,27.83,43208.7,28086,0.58,0,1.203,8.3,8.24,-86.5,-98.6,13.716,0.15,5.49,0
5/28/2023,21:35:00,0,<site>,33862.8,0.15,3.58,1.19,43908.7,140,140,12.23,191.1,0.217,27.82,43205.2,28083,1.08,0,1.203,8.28,8.24,-85.5,-98.4,13.679,0.151,5.5,0
5/28/2023,21:40:00,0,<site>,33818,0.15,3.38,1.13,43904.1,140.4,140.4,12.28,194.6,0.217,27.82,43199.2,28080,0.89,0,1.203,8.26,8.23,-84.6,-98.1,13.63,0.151,5.49,0
5/28/2023,21:45:00,0,<site>,33800.9,0.15,3.58,1.19,43914.8,140.1,140.1,12.26,197.1,0.218,27.82,43208.8,28086,0.73,0,1.203,8.27,8.22,-84.7,-97.7,13.6,0.151,5.5,0
5/28/2023,21:50:00,0,<site>,33767.9,0.15,3.55,1.18,43911.8,138.4,138.4,12.12,197.7,0.218,27.82,43204.8,28083,0.98,0,1.203,8.26,8.21,-84.4,-97.2,13.564,0.151,5.48,0
5/28/2023,21:55:00,0,<site>,33722.9,0.15,3.58,1.19,43900.6,137.5,137.5,12.05,192.8,0.218,27.81,43192.5,28075,1.19,0,1.203,8.23,8.2,-82.7,-96.5,13.521,0.151,5.49,0
5/28/2023,22:00:00,0,<site>,33699.1,0.15,3.55,1.18,43903.5,135,135,11.83,193.5,0.217,27.81,43194.5,28076,1.02,0,1.203,8.22,8.19,-82.2,-95.6,13.491,0.15,5.5,0
5/28/2023,22:05:00,0,<site>,33673.5,0.15,3.48,1.16,43905.8,133.5,133.5,11.71,196.6,0.218,27.81,43195.7,28077,0.85,0,1.203,8.22,8.18,-81.8,-95.2,13.458,0.151,5.49,0
5/28/2023,22:10:00,0,<site>,33601.2,0.15,3.09,1.03,43908.7,130.1,130.1,11.44,190.9,0.218,27.81,43196,28077,0.89,0,1.189,8.21,8.16,-81.2,-94.1,13.371,0.15,5.49,0
5/28/2023,22:15:00,0,<site>,33570.9,0.15,3.53,1.18,43890.1,128.6,128.6,11.31,190.4,0.218,27.79,43177.2,28065,1.17,0,1.189,8.2,8.16,-80.9,-94.1,13.352,0.15,5.48,0
5/28/2023,22:20:00,0,<site>,33530.9,0.151,3.54,1.18,43881.5,128.2,128.2,11.29,194.3,0.218,27.79,43167.6,28059,0.85,0,1.189,8.2,8.16,-80.7,-93.8,13.312,0.151,5.48,0
5/28/2023,22:25:00,0,<site>,33495.2,0.15,3.52,1.17,43880.7,127.5,127.5,11.23,197.7,0.218,27.78,43165.6,28058,0.85,0,1.189,8.2,8.15,-80.6,-93.2,13.271,0.151,5.49,0
5/28/2023,22:30:00,0,<site>,33443.3,0.151,3.49,1.16,43863.5,125.9,125.9,11.1,200.4,0.218,27.77,43147.5,28046,1.08,0,1.189,8.19,8.14,-80.5,-92.8,13.225,0.152,5.48,0
5/28/2023,22:35:00,0,<site>,33447.1,0.15,3.56,1.19,43872.9,125.4,125.4,11.06,201.7,0.218,27.78,43156.6,28052,1.22,0,1.189,8.19,8.14,-80.1,-92.6,13.221,0.152,5.49,0
5/28/2023,22:40:00,0,<site>,33452.5,0.15,3.56,1.19,43884.4,124.5,124.5,10.98,166.1,0.218,27.78,43167.8,28059,0.93,0,1.189,8.18,8.14,-79.9,-92.8,13.217,0.151,5.48,0
5/28/2023,22:45:00,0,<site>,33463.8,0.151,3.64,1.21,43892.7,126.2,126.2,11.13,168.8,0.219,27.79,43176.1,28064,1.27,0,1.189,8.19,8.15,-80.4,-93.6,13.223,0.151,5.48,0
5/28/2023,22:50:00,0,<site>,33466.9,0.15,3.59,1.2,43897.3,125.6,125.6,11.08,146.1,0.218,27.79,43180.7,28067,1.46,0,1.189,8.2,8.19,-80.6,-95.7,13.222,0.151,5.49,0
5/28/2023,22:55:00,0,<site>,33451.5,0.151,3.45,1.15,43892.3,125.3,125.3,11.06,144.6,0.219,27.79,43175.3,28064,1.08,0,1.189,8.19,8.22,-80.4,-97.5,13.209,0.151,5.48,0
5/28/2023,23:00:00,0,<site>,33384.8,0.15,3.63,1.21,43855.9,124.7,124.7,11.01,166.7,0.217,27.76,43138.3,28040,0.95,0,1.189,8.19,8.18,-80.1,-95,13.162,0.151,5.48,0
5/28/2023,23:05:00,0,<site>,33349.9,0.15,3.54,1.18,43850,124.3,124.3,10.99,154.1,0.217,27.76,43131.5,28036,0.92,0,1.189,8.2,8.18,-80.8,-95.1,13.126,0.151,5.48,0
5/28/2023,23:10:00,0,<site>,33298.3,0.15,2.99,1,43874.8,123.5,123.5,10.94,146.6,0.217,27.77,43153.7,28050,2.56,0,1.196,8.2,8.15,-80.5,-93.2,13.043,0.151,5.48,0
5/28/2023,23:15:00,0,<site>,33280,0.15,3.32,1.11,43844.7,123.3,123.3,10.92,153.5,0.217,27.75,43124.2,28031,0.94,0,1.196,8.18,8.15,-79.5,-93.1,13.048,0.151,5.48,0
5/28/2023,23:20:00,0,<site>,33295.6,0.15,3.45,1.15,43862.4,122.5,122.5,10.85,174.3,0.218,27.76,43141.7,28042,0.98,0,1.196,8.18,8.14,-79.8,-92.9,13.051,0.151,5.48,0
5/28/2023,23:25:00,0,<site>,33266,0.15,3.37,1.12,43847.6,121.7,121.7,10.78,182.7,0.217,27.75,43126.5,28032,1.09,0,1.196,8.18,8.13,-79.8,-92.5,13.029,0.151,5.48,0
5/28/2023,23:30:00,0,<site>,33271.4,0.15,2.87,0.96,43857.7,121.6,121.6,10.77,187,0.217,27.76,43136.4,28039,0.97,0,1.196,8.18,8.13,-79.9,-92.3,13.026,0.151,5.47,0
5/28/2023,23:35:00,0,<site>,33242.3,0.15,3.05,1.02,43842.6,121.4,121.4,10.76,192,0.218,27.74,43121,28029,0.71,0,1.196,8.18,8.13,-79.7,-91.9,13.006,0.151,5.48,0
5/28/2023,23:40:00,0,<site>,33236,0.15,3.18,1.06,43853.3,121.1,121.1,10.74,194.6,0.217,27.75,43131.1,28035,0.79,0,1.196,8.18,8.12,-79.6,-91.7,12.989,0.151,5.48,0
5/28/2023,23:45:00,0,<site>,33206.2,0.15,3.47,1.16,43841,120.4,120.4,10.68,155.5,0.218,27.74,43118.4,28027,1,0,1.196,8.17,8.13,-79.1,-91.9,12.964,0.151,5.48,0
5/28/2023,23:50:00,0,<site>,33185.4,0.15,3.35,1.12,43838.3,119.9,119.9,10.64,128.4,0.217,27.74,43115.2,28025,0.6,0,1.196,8.17,8.14,-79.1,-93,12.942,0.15,5.48,0
5/28/2023,23:55:00,0,<site>,33189.8,0.149,3.21,1.07,43848.6,119.7,119.7,10.63,124.5,0.216,27.75,43125.2,28031,0.64,0,1.196,8.17,8.2,-78.9,-96.1,12.938,0.148,5.47,0
5/29/2023,0:00:00,0,<site>,33167.2,0.149,2.98,0.99,43838.3,119.6,119.6,10.62,127.8,0.216,27.74,43114.6,28024,0.78,0,1.196,8.16,8.17,-78.7,-94.4,12.92,0.149,5.48,0
5/29/2023,0:05:00,0,<site>,33165.4,0.149,3.43,1.14,43843.8,119.7,119.7,10.63,153.9,0.216,27.74,43119.8,28028,0.69,0,1.196,8.16,8.2,-78.7,-96,12.913,0.15,5.48,0
5/29/2023,0:10:00,0,<site>,33139,0.148,2.67,0.89,43840.6,118.4,118.4,10.52,161.8,0.215,27.74,43115.9,28025,1.21,0,1.203,8.16,8.12,-78.3,-91.7,12.885,0.149,5.47,0
5/29/2023,0:15:00,0,<site>,33140.8,0.148,3.37,1.12,43842.5,118.4,118.4,10.52,185.5,0.214,27.74,43117.9,28027,1.29,0,1.203,8.16,8.12,-78.3,-91.3,12.885,0.149,5.48,0
5/29/2023,0:20:00,0,<site>,33091.5,0.148,3.43,1.14,43814.5,118.2,118.2,10.51,190.1,0.215,27.72,43089.5,28008,0.65,0,1.203,8.15,8.11,-78,-90.9,12.852,0.149,5.47,0
5/29/2023,0:25:00,0,<site>,33067.7,0.147,2.87,0.96,43813.2,117.8,117.8,10.48,194.5,0.213,27.71,43087.5,28007,0.66,0,1.203,8.16,8.1,-78.2,-90.6,12.825,0.148,5.47,0
5/29/2023,0:30:00,0,<site>,33073.1,0.146,3.2,1.07,43827.7,117.5,117.5,10.46,197.3,0.212,27.72,43101.7,28016,0.79,0,1.203,8.15,8.1,-78,-90.2,12.818,0.147,5.48,0
5/29/2023,0:35:00,0,<site>,33060.3,0.146,3.25,1.08,43827.3,117.3,117.3,10.44,199.9,0.211,27.72,43100.9,28016,0.89,0,1.203,8.15,8.09,-77.9,-90,12.803,0.147,5.47,0
5/29/2023,0:40:00,0,<site>,33045.9,0.145,3.47,1.16,43826.3,117.1,117.1,10.43,201.4,0.211,27.72,43099.4,28015,0.78,0,1.203,8.14,8.09,-77.5,-89.8,12.787,0.146,5.48,0
5/29/2023,0:45:00,0,<site>,33035.3,0.145,3.48,1.16,43824.8,116.9,116.9,10.41,201.5,0.21,27.72,43097.8,28014,0.72,0,1.203,8.15,8.09,-77.6,-89.6,12.776,0.146,5.47,0
5/29/2023,0:50:00,0,<site>,33019.9,0.145,3.48,1.16,43828.2,116.2,116.2,10.36,202.3,0.21,27.72,43100.5,28015,0.69,0,1.203,8.13,8.08,-76.8,-89.4,12.755,0.146,5.47,0
5/29/2023,0:55:00,0,<site>,33011.9,0.145,3.41,1.14,43831.9,115.3,115.3,10.28,202.6,0.21,27.72,43103.9,28018,0.81,0,1.203,8.13,8.08,-76.8,-89.2,12.742,0.146,5.47,0
5/29/2023,1:00:00,0,<site>,32996.8,0.144,3.41,1.14,43833.6,115.3,115.3,10.28,199.6,0.209,27.72,43105.1,28018,0.64,0,1.203,8.13,8.08,-76.5,-89.1,12.722,0.145,5.47,0
5/29/2023,1:05:00,0,<site>,32980.3,0.144,3.44,1.15,43833.2,114.9,114.9,10.25,200.2,0.209,27.72,43104.3,28018,0.97,0,1.203,8.13,8.07,-76.5,-88.8,12.703,0.145,5.47,0
5/29/2023,1:10:00,0,<site>,32967.5,0.144,3.16,1.05,43841.6,113,113,10.08,196.1,0.209,27.73,43112,28023,0.77,0,1.198,8.11,8.07,-75.8,-88.5,12.68,0.145,5.46,0
5/29/2023,1:15:00,0,<site>,32977.2,0.145,3.56,1.19,43847.7,112.1,112.1,10,199.4,0.21,27.73,43118.2,28027,0.81,0,1.198,8.11,8.06,-75.4,-88.3,12.686,0.146,5.47,0
5/29/2023,1:20:00,0,<site>,32964.9,0.145,3.51,1.17,43848.3,111.6,111.6,9.96,198.9,0.21,27.73,43118.3,28027,0.82,0,1.198,8.1,8.05,-74.9,-87.7,12.671,0.146,5.47,0
5/29/2023,1:25:00,0,<site>,32959,0.145,3.56,1.19,43859.4,110.5,110.5,9.86,199.9,0.21,27.74,43128.8,28034,0.68,0,1.198,8.1,8.05,-74.7,-87.3,12.654,0.146,5.47,0
5/29/2023,1:30:00,0,<site>,32943.3,0.146,3.52,1.17,43860.9,109.9,109.9,9.82,200.4,0.211,27.74,43129.9,28034,0.8,0,1.198,8.1,8.04,-74.8,-87.1,12.634,0.147,5.47,0
5/29/2023,1:35:00,0,<site>,32927.7,0.146,3.52,1.17,43861.5,109.4,109.4,9.78,198.5,0.212,27.74,43130,28035,0.88,0,1.198,8.09,8.04,-74.3,-87,12.615,0.145,5.46,0
5/29/2023,1:40:00,0,<site>,32910,0.146,3.53,1.18,43866.9,109.5,109.5,9.79,191,0.211,27.74,43134.8,28038,0.74,0,1.198,8.09,8.04,-74.6,-87,12.589,0.145,5.46,0
5/29/2023,1:45:00,0,<site>,32886.4,0.147,3.53,1.18,43862.6,109.4,109.4,9.79,194.6,0.213,27.74,43130,28035,0.86,0,1.198,8.09,8.04,-74.5,-86.9,12.565,0.147,5.47,0
5/29/2023,1:50:00,0,<site>,32886.1,0.147,3.51,1.17,43874.9,109.2,109.2,9.77,198.3,0.213,27.74,43141.8,28042,0.71,0,1.198,8.08,8.03,-73.9,-86.4,12.554,0.148,5.46,0
5/29/2023,1:55:00,0,<site>,32855.1,0.146,3.47,1.16,43867.6,108.4,108.4,9.71,200,0.212,27.74,43134,28037,0.74,0,1.198,8.09,8.03,-74.5,-86.4,12.523,0.147,5.47,0
5/29/2023,2:00:00,0,<site>,32835.9,0.146,3.55,1.18,43867.6,108.7,108.7,9.74,201.7,0.212,27.74,43133.5,28037,0.81,0,1.198,8.09,8.03,-74.5,-86.4,12.501,0.147,5.46,0
5/29/2023,2:05:00,0,<site>,32844.8,0.146,3.6,1.2,43886.7,107.8,107.8,9.65,202.8,0.211,27.75,43152.1,28049,0.94,0,1.198,8.08,8.02,-73.7,-86,12.494,0.147,5.46,0
5/29/2023,2:10:00,0,<site>,32815.4,0.146,3.3,1.1,43885.8,107.3,107.3,9.62,196.8,0.211,27.75,43150.4,28048,1.04,0,1.198,8.08,8.03,-73.6,-86.6,12.46,0.147,5.47,0
5/29/2023,2:15:00,0,<site>,32799.8,0.146,3.59,1.2,43881.1,107.1,107.1,9.6,197.5,0.211,27.74,43145.5,28045,0.88,0,1.198,8.08,8.03,-73.7,-86.4,12.446,0.147,5.46,0
5/29/2023,2:20:00,0,<site>,32792.9,0.145,3.54,1.18,43885.1,107,107,9.6,200.4,0.211,27.75,43149.2,28047,0.92,0,1.198,8.07,8.03,-73.2,-86.1,12.434,0.146,5.47,0
5/29/2023,2:25:00,0,<site>,32796.8,0.145,3.55,1.18,43895.4,106.3,106.3,9.54,201.8,0.21,27.75,43159.2,28053,0.77,0,1.198,8.06,8.02,-72.7,-85.5,12.429,0.146,5.46,0
5/29/2023,2:30:00,0,<site>,32779,0.145,3.58,1.19,43901.8,105.4,105.4,9.46,202.8,0.21,27.76,43164.9,28057,0.97,0,1.198,8.06,8.01,-72.4,-85.3,12.403,0.146,5.46,0
5/29/2023,2:35:00,0,<site>,32763.9,0.145,3.52,1.17,43900.1,105.4,105.4,9.46,203.6,0.21,27.75,43162.9,28056,0.84,0,1.198,8.06,8.01,-72.6,-85.2,12.386,0.146,5.47,0
5/29/2023,2:40:00,0,<site>,32761.2,0.145,3.56,1.19,43905.5,105.3,105.3,9.45,174.5,0.21,27.76,43168,28059,1.18,0,1.198,8.05,8.02,-72.2,-85.9,12.378,0.146,5.46,0
5/29/2023,2:45:00,0,<site>,32758.6,0.145,3.53,1.18,43917.1,103.9,103.9,9.33,170.2,0.211,27.76,43179.2,28066,1.04,0,1.198,8.04,8.01,-71.7,-85.4,12.365,0.145,5.47,0
5/29/2023,2:50:00,0,<site>,32736.8,0.144,3.5,1.17,43911.3,103.2,103.2,9.27,184,0.209,27.76,43173,28062,0.93,0,1.198,8.05,8.01,-72,-84.9,12.344,0.144,5.45,0
5/29/2023,2:55:00,0,<site>,32718.5,0.145,3.51,1.17,43911.1,103.1,103.1,9.27,190.5,0.21,27.76,43172.4,28062,0.77,0,1.198,8.04,8,-71.5,-84.5,12.322,0.145,5.46,0
5/29/2023,3:00:00,0,<site>,32700.6,0.144,3.43,1.14,43917,103.3,103.3,9.29,194.6,0.209,27.76,43177.7,28065,1.07,0,1.198,8.04,8,-71.7,-84.4,12.296,0.145,5.47,0
5/29/2023,3:05:00,0,<site>,32691.1,0.144,3.55,1.18,43919.5,103.3,103.3,9.3,196.9,0.209,27.76,43179.8,28067,1.24,0,1.198,8.04,7.99,-71.7,-84.2,12.282,0.145,5.46,0
5/29/2023,3:10:00,0,<site>,32680.8,0.144,3.45,1.15,43936,101.1,101.1,9.1,187.4,0.209,27.77,43195.5,28077,0.94,0,1.197,8.04,7.99,-71.3,-83.8,12.255,0.145,5.45,0
5/29/2023,3:15:00,0,<site>,32677.2,0.144,3.58,1.19,43931.4,100.8,100.8,9.07,186.9,0.209,27.77,43190.9,28074,0.79,0,1.197,8.03,7.99,-71.2,-84,12.255,0.145,5.46,0
5/29/2023,3:20:00,0,<site>,32664.5,0.144,3.61,1.2,43929.3,101,101,9.09,186.2,0.209,27.77,43188.6,28073,1.08,0,1.197,8.03,7.98,-71.2,-83.7,12.242,0.145,5.45,0
5/29/2023,3:25:00,0,<site>,32657.3,0.144,3.55,1.18,43941.6,100.8,100.8,9.08,163.3,0.209,27.77,43200.3,28080,0.88,0,1.197,8.03,7.98,-70.8,-83.7,12.223,0.146,5.46,0
5/29/2023,3:30:00,0,<site>,32639.5,0.144,3.55,1.18,43932.1,100.7,100.7,9.08,178.8,0.21,27.77,43190.7,28074,0.85,0,1.197,8.03,7.98,-70.8,-83.5,12.21,0.146,5.45,0
5/29/2023,3:35:00,0,<site>,32634.2,0.145,3.56,1.19,43942.1,100.5,100.5,9.06,182.8,0.21,27.77,43200.3,28080,1.2,0,1.197,8.02,7.98,-70.5,-83.2,12.195,0.146,5.45,0
5/29/2023,3:40:00,0,<site>,32619.7,0.144,3.58,1.19,43942.6,100.1,100.1,9.03,182.1,0.209,27.77,43200.3,28080,0.9,0,1.197,8.02,7.97,-70.4,-83,12.177,0.145,5.47,0
5/29/2023,3:45:00,0,<site>,32611.2,0.144,3.6,1.2,43948.3,100,100,9.02,187.8,0.209,27.78,43205.6,28084,1.05,0,1.197,8.02,7.97,-70.4,-82.8,12.162,0.145,5.45,0
5/29/2023,3:50:00,0,<site>,32601.7,0.144,3.58,1.19,43950,100,100,9.02,192,0.208,27.78,43207.1,28085,0.85,0,1.197,8.02,7.97,-70.2,-82.6,12.149,0.145,5.46,0
5/29/2023,3:55:00,0,<site>,32591.3,0.144,3.55,1.18,43952.4,99.6,99.6,8.99,192.6,0.208,27.78,43209.2,28086,0.72,0,1.197,8.02,7.96,-70.2,-82.5,12.134,0.145,5.45,0
5/29/2023,4:00:00,0,<site>,32592.9,0.144,3.55,1.18,43958.7,99.7,99.7,9,192.9,0.209,27.78,43215.3,28090,0.83,0,1.197,8.01,7.96,-70,-82.4,12.131,0.146,5.45,0
5/29/2023,4:05:00,0,<site>,32582.4,0.144,3.58,1.19,43957.4,99.1,99.1,8.95,193.9,0.21,27.78,43213.8,28089,0.77,0,1.197,8.01,7.96,-70,-82.2,12.119,0.145,5.46,0
5/29/2023,4:10:00,0,<site>,32579.3,0.144,3.24,1.08,43967.7,99.2,99.2,8.95,189,0.208,27.79,43223.6,28095,0.87,0,1.199,8.01,7.96,-69.8,-82.5,12.107,0.145,5.45,0
5/29/2023,4:15:00,0,<site>,32580.5,0.144,3.57,1.19,43965.8,98.5,98.5,8.89,193.2,0.209,27.79,43221.9,28094,1.49,0,1.199,8.01,7.96,-69.8,-82.2,12.11,0.145,5.46,0
5/29/2023,4:20:00,0,<site>,32569.8,0.145,3.57,1.19,43962.5,98.6,98.6,8.9,192.6,0.21,27.78,43218.4,28092,0.83,0,1.199,8.01,7.96,-69.6,-82.1,12.1,0.146,5.45,0
5/29/2023,4:25:00,0,<site>,32561.9,0.145,3.55,1.18,43964.7,99,99,8.94,188.6,0.21,27.78,43220.4,28093,1.11,0,1.199,8.01,7.96,-69.6,-82.2,12.089,0.145,5.45,0
5/29/2023,4:30:00,0,<site>,32553.3,0.145,3.57,1.19,43969.8,99.1,99.1,8.96,193,0.211,27.79,43225.1,28096,0.87,0,1.199,8.01,7.96,-69.5,-82.2,12.074,0.146,5.46,0
5/29/2023,4:35:00,0,<site>,32536.3,0.145,3.55,1.18,43966.1,98.9,98.9,8.94,186.8,0.21,27.78,43221.2,28094,1.49,0,1.199,8.01,7.96,-69.6,-82.2,12.057,0.146,5.45,0
5/29/2023,4:40:00,0,<site>,32529.6,0.145,3.57,1.19,43970.2,98.7,98.7,8.93,191.3,0.211,27.79,43224.9,28096,0.8,0,1.199,8.01,7.95,-69.5,-81.9,12.045,0.147,5.46,0
5/29/2023,4:45:00,0,<site>,32515.8,0.145,3.57,1.19,43970.4,98.8,98.8,8.93,194.2,0.211,27.79,43224.9,28096,1.12,0,1.199,8,7.95,-69.4,-81.8,12.029,0.146,5.45,0
5/29/2023,4:50:00,0,<site>,32505.5,0.145,3.56,1.19,43972.5,98.5,98.5,8.91,196.3,0.21,27.79,43226.7,28097,0.73,0,1.199,8,7.95,-69.4,-81.7,12.015,0.145,5.45,0
5/29/2023,4:55:00,0,<site>,32495.7,0.145,3.58,1.19,43974.4,98.4,98.4,8.91,197,0.21,27.79,43228.3,28098,0.93,0,1.199,8,7.95,-69.4,-81.6,12.001,0.144,5.46,0
5/29/2023,5:00:00,0,<site>,32502.7,0.145,3.57,1.19,43987.3,98.4,98.4,8.91,189.6,0.211,27.8,43240.9,28107,0.83,0,1.199,8,7.95,-69.3,-81.5,11.998,0.145,5.45,0
5/29/2023,5:05:00,0,<site>,32507.9,0.145,3.57,1.19,43991.3,98.1,98.1,8.87,174.7,0.211,27.8,43244.9,28109,0.85,0,1.199,8,7.95,-69,-81.8,12.001,0.145,5.46,0
5/29/2023,5:10:00,0,<site>,32486.5,0.145,3.44,1.15,43999.1,97.5,97.5,8.83,177.8,0.211,27.8,43252,28114,1.06,0,1.197,8,7.95,-69.2,-81.9,11.968,0.146,5.44,0
5/29/2023,5:15:00,0,<site>,32483.8,0.146,3.56,1.19,43995.7,97.6,97.6,8.84,176.9,0.211,27.8,43248.6,28112,0.81,0,1.197,8,7.95,-69.1,-81.8,11.968,0.146,5.45,0
5/29/2023,5:20:00,0,<site>,32474.9,0.145,3.59,1.2,43999.3,97.5,97.5,8.83,162.2,0.211,27.8,43252,28114,0.84,0,1.197,8,7.95,-69,-81.8,11.955,0.146,5.46,0
5/29/2023,5:25:00,0,<site>,32482.5,0.146,3.55,1.18,44012.7,97.5,97.5,8.83,176.6,0.212,27.81,43265.1,28122,0.81,0,1.197,7.99,7.95,-68.8,-81.4,11.952,0.147,5.45,0
5/29/2023,5:30:00,0,<site>,32482.7,0.146,3.55,1.18,44018,97.1,97.1,8.8,184.6,0.211,27.81,43270.2,28126,1,0,1.197,7.99,7.94,-68.7,-81.1,11.947,0.147,5.45,0
5/29/2023,5:35:00,0,<site>,32471.6,0.146,3.51,1.17,44013.8,96.9,96.9,8.78,187.1,0.212,27.81,43265.9,28123,1,0,1.197,7.99,7.94,-68.7,-81,11.938,0.147,5.44,0
5/29/2023,5:40:00,0,<site>,32465,0.146,3.53,1.18,44014.9,96.7,96.7,8.77,189.3,0.211,27.81,43266.8,28123,0.83,0,1.197,7.99,7.94,-68.4,-80.9,11.929,0.147,5.45,0
5/29/2023,5:45:00,0,<site>,32458.8,0.146,3.61,1.2,44013.6,97,97,8.79,175.2,0.212,27.81,43265.4,28122,0.89,0,1.197,7.99,7.94,-68.4,-81,11.923,0.146,5.45,0
5/29/2023,5:50:00,0,<site>,32467.1,0.147,3.57,1.19,44026.4,96.4,96.4,8.74,182.6,0.214,27.82,43278,28131,1,0,1.197,7.98,7.93,-68.1,-80.6,11.921,0.148,5.45,0
5/29/2023,5:55:00,0,<site>,32467.9,0.147,3.57,1.19,44031.3,96.3,96.3,8.72,188.3,0.214,27.82,43282.7,28134,1.21,0,1.197,7.98,7.93,-68.3,-80.5,11.918,0.148,5.45,0
5/29/2023,6:00:00,0,<site>,32466.2,0.148,3.59,1.2,44031,96.3,96.3,8.73,177.7,0.215,27.82,43282.5,28134,1.09,0,1.197,7.98,7.93,-68,-80.5,11.916,0.15,5.44,0
5/29/2023,6:05:00,0,<site>,32467.2,0.148,3.64,1.21,44039.1,96,96,8.7,157.1,0.215,27.83,43290.3,28139,0.86,0,1.197,7.98,7.93,-67.9,-80.4,11.91,0.15,5.45,0
5/29/2023,6:10:00,0,<site>,32443.2,0.148,3.43,1.14,44033,95.5,95.5,8.66,158.8,0.214,27.82,43283.9,28135,0.99,0,1.201,7.98,7.94,-68.1,-80.9,11.887,0.149,5.45,0
5/29/2023,6:15:00,0,<site>,32432.5,0.148,3.58,1.19,44026.5,95.7,95.7,8.68,169.6,0.214,27.82,43277.4,28130,0.81,0,1.201,7.98,7.93,-68.1,-80.8,11.88,0.149,5.45,0
5/29/2023,6:20:00,0,<site>,32442.4,0.148,3.58,1.19,44039,95.8,95.8,8.69,146.5,0.214,27.83,43289.7,28138,0.69,0,1.201,7.98,7.95,-67.8,-81.5,11.881,0.148,5.45,0
5/29/2023,6:25:00,0,<site>,32448.6,0.148,3.6,1.2,44046.4,95.2,95.2,8.64,164.1,0.214,27.83,43296.9,28143,0.84,0,1.201,7.97,7.93,-67.5,-80.6,11.882,0.148,5.44,0
5/29/2023,6:30:00,0,<site>,32447.5,0.148,3.58,1.19,44045.5,95.1,95.1,8.63,172.3,0.214,27.83,43296,28142,0.81,0,1.201,7.97,7.93,-67.4,-80.4,11.881,0.149,5.45,0
5/29/2023,6:35:00,0,<site>,32441.9,0.148,3.58,1.19,44047.2,94.9,94.9,8.61,181.6,0.214,27.83,43297.6,28143,0.64,0,1.201,7.97,7.92,-67.4,-80.1,11.873,0.149,5.46,0
5/29/2023,6:40:00,0,<site>,32428.7,0.148,3.55,1.18,44040.5,95.1,95.1,8.63,154.6,0.215,27.83,43290.9,28139,0.78,0,1.201,7.97,7.92,-67.5,-80,11.863,0.149,5.45,0
5/29/2023,6:45:00,0,<site>,32417.6,0.148,3.52,1.17,44039.7,94.5,94.5,8.58,148.1,0.215,27.82,43289.8,28138,0.78,0,1.201,7.97,7.93,-67.5,-80.4,11.851,0.149,5.45,0
5/29/2023,6:50:00,0,<site>,32416,0.148,3.62,1.21,44047.5,95,95,8.62,163.4,0.214,27.83,43297.4,28143,0.75,0,1.201,7.97,7.93,-67.5,-80.2,11.842,0.149,5.44,0
5/29/2023,6:55:00,0,<site>,32424.1,0.148,3.61,1.2,44053.2,94.8,94.8,8.61,167.2,0.215,27.83,43303.1,28147,0.73,0,1.201,7.97,7.92,-67.2,-80.1,11.847,0.149,5.44,0
5/29/2023,7:00:00,0,<site>,32427.6,0.148,3.6,1.2,44053.6,94.3,94.3,8.56,179.5,0.215,27.83,43303.5,28147,0.96,0,1.201,7.96,7.92,-66.9,-79.8,11.851,0.149,5.45,0
5/29/2023,7:05:00,0,<site>,32425.8,0.148,3.62,1.21,44051.6,94.3,94.3,8.56,185.3,0.215,27.83,43301.5,28146,0.86,0,1.201,7.96,7.91,-67,-79.5,11.85,0.15,5.45,0
5/29/2023,7:10:00,0,<site>,32398,0.149,3.34,1.11,44051.8,94.5,94.5,8.58,181.5,0.215,27.83,43301.1,28146,0.76,0,1.191,7.97,7.93,-67.5,-80.3,11.817,0.15,5.45,0
5/29/2023,7:15:00,0,<site>,32411.7,0.149,3.51,1.17,44052.8,94.9,94.9,8.62,177.8,0.216,27.83,43302.3,28147,0.72,0,1.191,7.97,7.92,-67.5,-80.2,11.832,0.15,5.44,0
5/29/2023,7:20:00,0,<site>,32411.7,0.149,3.5,1.17,44053.7,94.9,94.9,8.62,184,0.216,27.83,43303.3,28147,0.71,0,1.191,7.97,7.93,-67.6,-80.2,11.831,0.15,5.45,0
5/29/2023,7:25:00,0,<site>,32408.4,0.149,3.54,1.18,44056.4,95.2,95.2,8.64,188.3,0.216,27.84,43305.8,28149,0.79,0,1.191,7.97,7.92,-67.6,-80,11.825,0.15,5.45,0
5/29/2023,7:30:00,0,<site>,32419.6,0.149,3.56,1.19,44063.4,95.3,95.3,8.65,186.2,0.217,27.84,43312.8,28153,0.8,0,1.191,7.97,7.92,-67.4,-79.9,11.832,0.15,5.44,0
5/29/2023,7:35:00,0,<site>,32444.3,0.149,3.62,1.21,44079.5,95.3,95.3,8.65,174.2,0.217,27.85,43328.9,28164,0.93,0,1.191,7.96,7.92,-66.9,-80,11.848,0.15,5.45,0
5/29/2023,7:40:00,0,<site>,32457.8,0.149,3.57,1.19,44073.9,95.9,95.9,8.7,183.7,0.217,27.85,43323.7,28160,1.02,0,1.191,7.98,7.92,-67.8,-79.8,11.869,0.151,5.44,0
5/29/2023,7:45:00,0,<site>,32474.2,0.149,3.61,1.2,44078.7,95.8,95.8,8.68,187.8,0.216,27.85,43328.7,28164,0.77,0,1.191,7.97,7.91,-67.6,-79.5,11.884,0.15,5.45,0
5/29/2023,7:50:00,0,<site>,32512.6,0.148,3.31,1.1,44083.8,95.8,95.8,8.68,189,0.215,27.86,43334.5,28167,0.89,0,1.191,7.97,7.91,-67.3,-79.4,11.925,0.15,5.45,0
5/29/2023,7:55:00,0,<site>,32518.2,0.148,3.48,1.16,44074.7,96.2,96.2,8.71,190.5,0.215,27.85,43325.8,28162,0.76,0,1.191,7.99,7.9,-68.3,-79.1,11.94,0.15,5.44,0
5/29/2023,8:00:00,0,<site>,32527.9,0.148,3.36,1.12,44074.5,97.1,97.1,8.79,188.1,0.215,27.85,43325.8,28162,0.75,0,1.191,7.99,7.92,-68.5,-80.2,11.952,0.149,5.45,0
5/29/2023,8:05:00,0,<site>,32525.5,0.149,3.26,1.09,44060.2,97.7,97.7,8.85,190.3,0.216,27.84,43311.9,28153,0.72,0,1.191,7.99,7.93,-68.4,-80.8,11.961,0.15,5.44,0
5/29/2023,8:10:00,0,<site>,32526.9,0.149,3.19,1.06,44065.7,100.3,100.3,9.09,186.6,0.216,27.85,43317.3,28156,0.66,0,1.198,8,7.95,-69.2,-82,11.958,0.15,5.44,0
5/29/2023,8:15:00,0,<site>,32564.7,0.148,3.41,1.14,44075.3,102.7,102.7,9.3,184.7,0.215,27.86,43327.4,28163,0.74,0,1.198,8,7.95,-69.3,-81.8,11.995,0.149,5.45,0
5/29/2023,8:20:00,0,<site>,32581.5,0.148,3.44,1.15,44068.2,101.6,101.6,9.18,183.8,0.215,27.85,43320.9,28159,0.61,0,1.198,8.04,7.95,-71.5,-81.6,12.021,0.149,5.44,0
5/29/2023,8:25:00,0,<site>,32566.1,0.149,3.5,1.17,44055.1,102.6,102.6,9.27,188.8,0.216,27.84,43307.8,28150,0.74,0,1.198,8.04,7.95,-71.5,-81.9,12.014,0.15,5.45,0
5/29/2023,8:30:00,0,<site>,32576.3,0.148,3.48,1.16,44052.1,103.4,103.4,9.35,189.6,0.214,27.84,43305.2,28148,0.7,0,1.198,8.03,7.96,-70.9,-82.1,12.029,0.149,5.44,0
5/29/2023,8:35:00,0,<site>,32606.4,0.148,3.44,1.15,44055.2,102.7,102.7,9.28,187.1,0.214,27.85,43308.9,28151,0.86,0,1.198,8.02,7.96,-70.1,-82.1,12.062,0.149,5.45,0
5/29/2023,8:40:00,0,<site>,32635.3,0.147,3.39,1.13,44055.5,103,103,9.29,189.4,0.214,27.85,43309.8,28151,0.72,0,1.198,8.01,7.95,-69.8,-81.9,12.096,0.148,5.45,0
5/29/2023,8:45:00,0,<site>,32659.1,0.147,3.41,1.14,44055.9,103.4,103.4,9.33,192,0.213,27.85,43310.8,28152,0.72,0,1.198,8.01,7.96,-69.7,-82.1,12.124,0.148,5.45,0
5/29/2023,8:50:00,0,<site>,32666,0.147,3.43,1.14,44049.1,102.5,102.5,9.25,192.7,0.213,27.85,43304.3,28148,0.73,0,1.198,8.01,7.95,-69.7,-81.9,12.138,0.148,5.45,0
5/29/2023,8:55:00,0,<site>,32708.1,0.147,3.43,1.14,44068.4,103.6,103.6,9.34,192.8,0.213,27.86,43323.9,28161,0.61,0,1.198,8.01,7.96,-69.9,-82.3,12.171,0.147,5.45,0
5/29/2023,9:00:00,0,<site>,32750.4,0.147,3.37,1.12,44076.1,107.5,107.5,9.68,194.7,0.213,27.87,43332.4,28166,0.98,0,1.198,8.03,7.96,-70.7,-82.5,12.214,0.148,5.45,0
5/29/2023,9:05:00,0,<site>,32767.2,0.147,3.49,1.16,44068.9,108.9,108.9,9.81,193,0.214,27.86,43325.8,28162,0.66,0,1.198,8.03,7.97,-70.8,-82.8,12.241,0.148,5.46,0
5/29/2023,9:10:00,0,<site>,32786.1,0.146,3.25,1.08,44064.1,109.6,109.6,9.86,188.4,0.212,27.86,43321.7,28159,0.84,0,1.192,8.05,8,-72.2,-84.3,12.267,0.147,5.45,0
5/29/2023,9:15:00,0,<site>,32803.8,0.147,3.39,1.13,44047.5,108.9,108.9,9.79,183.7,0.213,27.85,43306.1,28149,0.63,0,1.192,8.05,7.99,-71.9,-84.3,12.303,0.148,5.45,0
5/29/2023,9:20:00,0,<site>,32837.4,0.147,3.25,1.08,44051.8,111.6,111.6,10.02,188.5,0.214,27.86,43311.1,28152,0.77,0,1.192,8.04,7.99,-71.5,-84,12.339,0.148,5.45,0
5/29/2023,9:25:00,0,<site>,32881.7,0.147,3.32,1.11,44058.5,111.3,111.3,9.99,191.1,0.213,27.86,43318.6,28157,0.75,0,1.192,8.05,8,-72.4,-84.5,12.386,0.148,5.45,0
5/29/2023,9:30:00,0,<site>,32912.5,0.148,3.36,1.12,44056.4,117.8,117.8,10.56,189.5,0.214,27.87,43317.4,28156,0.62,0,1.192,8.06,8,-72.6,-84.8,12.424,0.149,5.46,0
5/29/2023,9:35:00,0,<site>,32933.4,0.148,3.38,1.13,44051.8,118.3,118.3,10.6,178.2,0.215,27.86,43313.5,28154,0.61,0,1.192,8.07,8,-73.4,-84.4,12.453,0.149,5.46,0
5/29/2023,9:40:00,0,<site>,32959.6,0.148,3.33,1.11,44038.7,115.7,115.7,10.35,185.2,0.215,27.86,43301.6,28146,0.62,0,1.192,8.1,7.99,-74.9,-84,12.495,0.149,5.46,0
5/29/2023,9:45:00,0,<site>,32985.4,0.148,3.29,1.1,44033.4,114.2,114.2,10.21,188.9,0.214,27.85,43297.2,28143,0.58,0,1.192,8.1,7.98,-74.7,-83.6,12.531,0.147,5.45,0
5/29/2023,9:50:00,0,<site>,33030.4,0.148,3.25,1.08,44038.3,116.2,116.2,10.39,191.2,0.214,27.86,43303,28147,0.63,0,1.192,8.09,8,-74.3,-84.8,12.58,0.148,5.45,0
5/29/2023,9:55:00,0,<site>,33011.4,0.149,3.15,1.05,43996.8,118.6,118.6,10.59,185.4,0.216,27.83,43262.6,28121,0.48,0,1.192,8.08,8.02,-73.9,-85.7,12.594,0.15,5.46,0
5/29/2023,10:00:00,0,<site>,33082,0.149,3.21,1.07,44020.9,120.2,120.2,10.72,187.6,0.216,27.85,43287.8,28137,0.47,0,1.192,8.08,8.03,-74,-86.4,12.656,0.15,5.46,0
5/29/2023,10:05:00,0,<site>,33114.3,0.149,3.24,1.08,44015.1,120.4,120.4,10.74,180.9,0.215,27.85,43283.1,28134,0.45,0,1.192,8.1,8.04,-74.8,-87,12.7,0.15,5.46,0
5/29/2023,10:10:00,0,<site>,33184,0.148,3,1,44023.2,120.2,120.2,10.69,172.7,0.215,27.86,43292.8,28140,0.61,0,1.204,8.08,8.04,-74,-87.2,12.775,0.15,5.45,0
5/29/2023,10:15:00,0,<site>,33222,0.149,3.18,1.06,44017.4,122.6,122.6,10.9,177.2,0.216,27.86,43288.3,28137,0.5,0,1.204,8.09,8.04,-74.2,-86.9,12.825,0.15,5.46,0
5/29/2023,10:20:00,0,<site>,33241.4,0.148,3.22,1.07,44011.4,122.3,122.3,10.86,176.3,0.214,27.86,43283.1,28134,0.48,0,1.204,8.08,8.04,-73.9,-87.2,12.853,0.149,5.47,0
5/29/2023,10:25:00,0,<site>,33280.1,0.148,3.08,1.03,44009.5,122.2,122.2,10.84,173.9,0.214,27.86,43282.5,28134,0.45,0,1.204,8.1,8.05,-74.9,-87.7,12.901,0.148,5.46,0
5/29/2023,10:30:00,0,<site>,33338.2,0.147,3.12,1.04,44017.7,123.7,123.7,10.96,169.8,0.213,27.86,43292.1,28140,0.68,0,1.204,8.1,8.05,-74.8,-87.8,12.962,0.147,5.47,0
5/29/2023,10:35:00,0,<site>,33364.4,0.146,3.22,1.07,44013.1,126.5,126.5,11.21,175.6,0.211,27.86,43288.5,28138,0.47,0,1.204,8.1,8.05,-74.9,-87.4,12.997,0.147,5.46,0
5/29/2023,10:40:00,0,<site>,33407,0.145,3.21,1.07,44016.4,125.1,125.1,11.07,175,0.21,27.87,43292.9,28140,0.5,0,1.204,8.11,8.06,-75.6,-88.1,13.044,0.146,5.46,0
5/29/2023,10:45:00,0,<site>,33414.2,0.145,3.11,1.04,43997.5,127.5,127.5,11.28,166.4,0.21,27.86,43275.1,28129,0.67,0,1.204,8.11,8.06,-75.7,-88.1,13.07,0.146,5.47,0
5/29/2023,10:50:00,0,<site>,33444.4,0.145,3.03,1.01,43993.3,126.9,126.9,11.21,167.5,0.21,27.85,43272,28127,0.57,0,1.204,8.12,8.06,-76,-88.2,13.109,0.146,5.47,0
5/29/2023,10:55:00,0,<site>,33440.1,0.145,3.08,1.03,43963.8,124.4,124.4,10.99,174.9,0.21,27.84,43243.5,28108,0.47,0,1.204,8.11,8.07,-75.9,-88.6,13.131,0.144,5.47,0
5/29/2023,11:00:00,0,<site>,33449.6,0.143,3.15,1.05,43968.6,131,131,11.57,170.9,0.207,27.84,43248.5,28112,0.69,0,1.204,8.13,8.09,-76.8,-89.8,13.138,0.143,5.46,0
5/29/2023,11:05:00,0,<site>,33481,0.142,3.21,1.07,43952.7,136,136,12,176.4,0.206,27.83,43234.2,28102,0.54,0,1.204,8.15,8.09,-77.9,-90.2,13.189,0.142,5.47,0
5/29/2023,11:10:00,0,<site>,33537.3,0.141,2.96,0.99,43938,132.2,132.2,11.65,175.3,0.205,27.82,43221.9,28094,0.49,0,1.196,8.16,8.11,-78.3,-91,13.269,0.143,5.47,0
5/29/2023,11:15:00,0,<site>,33486.6,0.141,3.04,1.01,43926.5,132.1,132.1,11.65,164.9,0.204,27.81,43209.3,28086,0.5,0,1.196,8.15,8.11,-77.9,-91.1,13.219,0.141,5.47,0
5/29/2023,11:20:00,0,<site>,33526,0.141,2.93,0.98,43939.4,129.9,129.9,11.45,167.7,0.204,27.82,43223,28095,0.59,0,1.196,8.14,8.1,-77.5,-90.5,13.254,0.14,5.47,0
5/29/2023,11:25:00,0,<site>,33454.1,0.14,3,1,43902.3,127,127,11.21,160.6,0.204,27.8,43185,28070,0.44,0,1.196,8.13,8.07,-76.8,-88.9,13.203,0.139,5.47,0
5/29/2023,11:30:00,0,<site>,33570.4,0.142,2.91,0.97,43959.9,129.2,129.2,11.37,165.8,0.205,27.84,43244.1,28109,0.32,0,1.196,8.11,8.08,-75.8,-89.2,13.288,0.142,5.47,0
5/29/2023,11:35:00,0,<site>,33456.5,0.141,2.96,0.99,43883.8,126.4,126.4,11.15,168.6,0.204,27.78,43167.3,28059,0.47,0,1.196,8.13,8.07,-76.7,-88.7,13.222,0.142,5.48,0
5/29/2023,11:40:00,0,<site>,33487.6,0.14,2.91,0.97,43848.5,128.5,128.5,11.32,166.9,0.203,27.76,43134.6,28037,0.34,0,1.196,8.11,8.08,-75.6,-89.4,13.291,0.141,5.47,0
5/29/2023,11:45:00,0,<site>,33456.5,0.14,2.89,0.96,43818.3,127.7,127.7,11.25,158.2,0.203,27.74,43104.6,28018,0.36,0,1.196,8.11,8.08,-75.6,-89.3,13.281,0.141,5.47,0
5/29/2023,11:50:00,0,<site>,33544.7,0.139,2.84,0.95,43871.7,132.2,132.2,11.63,161.8,0.202,27.78,43158.7,28053,0.35,0,1.196,8.13,8.08,-76.7,-89.4,13.337,0.14,5.47,0
5/29/2023,11:55:00,0,<site>,33552.9,0.139,2.93,0.98,43852.1,128,128,11.26,158.7,0.201,27.77,43140.2,28041,0.38,0,1.196,8.12,8.08,-76.5,-89.7,13.365,0.14,5.47,0
5/29/2023,12:00:00,0,<site>,33777.1,0.14,2.9,0.97,43890.4,130.5,130.5,11.42,164.2,0.203,27.81,43184.7,28070,0.76,0,1.196,8.15,8.13,-78.3,-92.5,13.595,0.14,5.48,0
5/29/2023,12:05:00,0,<site>,33816.8,0.139,2.9,0.97,43891,136.1,136.1,11.9,170.8,0.201,27.81,43186.6,28071,0.57,0,1.196,8.18,8.13,-79.7,-92.1,13.641,0.138,5.47,0
5/29/2023,12:10:00,0,<site>,33902.2,0.138,2.99,1,43937.2,137.1,137.1,11.97,169,0.201,27.84,43233.9,28102,0.71,0,1.197,8.17,8.13,-79.4,-92.2,13.699,0.139,5.47,0
5/29/2023,12:15:00,0,<site>,33951.3,0.138,2.98,0.99,43915.4,141.6,141.6,12.34,176.2,0.2,27.83,43214.9,28090,0.65,0,1.197,8.17,8.13,-79.4,-92.3,13.777,0.138,5.47,0
5/29/2023,12:20:00,0,<site>,33973.9,0.138,3.16,1.05,43924.4,141.2,141.2,12.3,175.7,0.2,27.84,43224.4,28096,0.7,0,1.197,8.18,8.16,-79.5,-94,13.795,0.139,5.47,0
5/29/2023,12:25:00,0,<site>,33957.5,0.138,2.81,0.94,43877.1,142.9,142.9,12.45,176.2,0.201,27.81,43178.5,28066,0.69,0,1.197,8.19,8.15,-80.5,-93.8,13.819,0.139,5.48,0
5/29/2023,12:30:00,0,<site>,33925.5,0.138,2.88,0.96,43851.6,140.2,140.2,12.22,175.8,0.2,27.79,43153,28049,0.64,0,1.197,8.18,8.14,-79.6,-92.8,13.805,0.139,5.47,0
5/29/2023,12:35:00,0,<site>,33917.8,0.138,2.96,0.99,43839,137.5,137.5,11.98,180.7,0.2,27.78,43140.7,28041,0.58,0,1.197,8.17,8.12,-79.1,-91.5,13.807,0.138,5.48,0
5/29/2023,12:40:00,0,<site>,33829.2,0.138,3.02,1.01,43747.4,137.2,137.2,11.97,180.1,0.199,27.72,43049.9,27982,0.58,0,1.197,8.17,8.11,-79,-91.3,13.786,0.139,5.47,0
5/29/2023,12:45:00,0,<site>,33881.8,0.138,3.04,1.01,43767.6,135.2,135.2,11.78,182.9,0.2,27.73,43071.2,27996,0.58,0,1.197,8.16,8.11,-78.9,-91,13.83,0.138,5.47,0
5/29/2023,12:50:00,0,<site>,33895.5,0.137,2.88,0.96,43771.3,136.3,136.3,11.87,184.9,0.199,27.73,43075.2,27999,0.59,0,1.197,8.16,8.1,-78.8,-90.6,13.842,0.139,5.48,0
5/29/2023,12:55:00,0,<site>,33897.5,0.137,2.73,0.91,43746.6,136,136,11.84,181.2,0.198,27.72,43051.7,27984,0.69,0,1.197,8.15,8.1,-78.2,-90.8,13.867,0.138,5.47,0
5/29/2023,13:00:00,0,<site>,34041.1,0.137,2.8,0.93,43790,137.4,137.4,11.93,178.5,0.198,27.75,43098.6,28014,0.67,0,1.197,8.16,8.12,-78.7,-91.8,13.997,0.138,5.47,0
5/29/2023,13:05:00,0,<site>,34022.1,0.136,2.83,0.94,43739,140.4,140.4,12.19,180.3,0.197,27.72,43049.3,27982,0.62,0,1.197,8.16,8.16,-78.5,-94,14.021,0.137,5.47,0
5/29/2023,13:10:00,0,<site>,34093.5,0.136,2.92,0.97,43804.8,149.7,149.7,12.98,174.2,0.197,27.77,43114.8,28025,0.67,0,1.198,8.18,8.18,-79.8,-95,14.045,0.138,5.47,0
5/29/2023,13:15:00,0,<site>,34237.8,0.136,2.83,0.94,43830.5,157.1,157.1,13.58,174.7,0.197,27.79,43145,28044,0.64,0,1.198,8.2,8.23,-80.8,-98.1,14.191,0.137,5.48,0
5/29/2023,13:20:00,0,<site>,34283.1,0.135,2.98,0.99,43818.7,161,161,13.9,178,0.196,27.79,43135.6,28038,0.65,0,1.198,8.21,8.21,-81.5,-97.2,14.255,0.136,5.46,0
5/29/2023,13:25:00,0,<site>,34285.9,0.135,3.14,1.05,43778.4,156.4,156.4,13.49,174.9,0.196,27.76,43097.4,28013,0.7,0,1.198,8.2,8.15,-80.9,-93.9,14.296,0.136,5.47,0
5/29/2023,13:30:00,0,<site>,34328.1,0.135,2.81,0.94,43727.4,149.6,149.6,12.88,170.8,0.195,27.73,43050.6,27983,0.75,0,1.198,8.2,8.17,-81.3,-94.7,14.392,0.135,5.48,0
5/29/2023,13:35:00,0,<site>,34370.2,0.135,2.79,0.93,43750.8,150,150,12.91,168.6,0.196,27.75,43074.6,27998,0.71,0,1.198,8.21,8.16,-81.7,-94.3,14.42,0.136,5.47,0
5/29/2023,13:40:00,0,<site>,34402.7,0.135,2.71,0.9,43741.9,148.3,148.3,12.75,173.7,0.195,27.74,43067.5,27994,0.65,0,1.198,8.21,8.15,-81.5,-93.5,14.466,0.136,5.48,0
5/29/2023,13:45:00,0,<site>,34441.4,0.135,2.92,0.97,43736.5,144.9,144.9,12.45,173.5,0.196,27.74,43064.1,27992,0.63,0,1.198,8.21,8.16,-81.9,-94.4,14.517,0.137,5.46,0
5/29/2023,13:50:00,0,<site>,34467.8,0.136,2.69,0.9,43708.2,148.5,148.5,12.74,170,0.197,27.72,43038.3,27975,0.71,0,1.198,8.23,8.19,-82.7,-95.8,14.574,0.137,5.47,0
5/29/2023,13:55:00,0,<site>,34512.5,0.135,2.84,0.95,43714.3,151.9,151.9,13.02,172.1,0.196,27.73,43046,27980,0.59,0,1.198,8.23,8.18,-82.7,-95.3,14.621,0.137,5.47,0
5/29/2023,14:00:00,0,<site>,34546.9,0.135,2.8,0.93,43739.6,151,151,12.94,173.2,0.196,27.75,43071.6,27997,0.62,0,1.198,8.24,8.19,-83.2,-96,14.638,0.136,5.47,0
5/29/2023,14:05:00,0,<site>,34565.4,0.135,2.83,0.94,43807.5,153.6,153.6,13.17,170.9,0.196,27.8,43136.9,28039,0.76,0,1.198,8.24,8.2,-83.5,-96.6,14.597,0.134,5.47,0
5/29/2023,14:10:00,0,<site>,34578.3,0.134,2.77,0.92,43798.5,153.1,153.1,13.12,170.2,0.195,27.79,43128.9,28034,0.77,0,1.201,8.24,8.2,-83.6,-96.9,14.62,0.134,5.46,0
5/29/2023,14:15:00,0,<site>,34564.2,0.135,2.68,0.89,43767.8,155.8,155.8,13.35,169.8,0.196,27.77,43099.1,28014,0.71,0,1.201,8.24,8.2,-83.6,-96.7,14.632,0.135,5.46,0
5/29/2023,14:20:00,0,<site>,34610.3,0.135,2.59,0.86,43779.3,153.7,153.7,13.16,173.5,0.196,27.78,43112,28023,0.53,0,1.201,8.24,8.2,-83.6,-96.4,14.675,0.136,5.47,0
5/29/2023,14:25:00,0,<site>,34601.9,0.134,2.89,0.96,43779.3,156.4,156.4,13.39,171.5,0.195,27.78,43111.7,28023,0.7,0,1.201,8.25,8.21,-84.3,-97.3,14.665,0.135,5.46,0
5/29/2023,14:30:00,0,<site>,34660.9,0.135,2.83,0.94,43791.9,158,158,13.51,154.2,0.196,27.79,43126.2,28032,0.7,0,1.201,8.25,8.21,-84.1,-97.2,14.723,0.136,5.47,0
5/29/2023,14:35:00,0,<site>,34670.8,0.135,2.83,0.94,43769.6,155.7,155.7,13.31,156.1,0.196,27.78,43105.5,28019,0.64,0,1.201,8.26,8.21,-84.4,-97.5,14.755,0.136,5.45,0
5/29/2023,14:40:00,0,<site>,34707.8,0.135,2.73,0.91,43779.5,161.8,161.8,13.82,164.9,0.196,27.78,43116.6,28026,0.71,0,1.201,8.27,8.23,-85,-98.4,14.789,0.136,5.46,0
5/29/2023,14:45:00,0,<site>,16.2,-0.019,-1.65,-0.55,20.1,111.2,111.2,11.12,169.5,-0.026,0.01,19.8,13,2.12,0,1.201,7.7,8.03,-52.5,-87.1,15.408,-0.018,5.46,0
5/29/2023,14:50:00,0,<site>,17.2,-0.02,-1.62,-0.54,21.2,104.8,104.8,10.41,243.6,-0.028,0.01,20.9,14,1.81,0,1.201,7.05,7.91,-15.3,-80.1,15.736,-0.02,5.45,0
