KorEXO MEASUREMENT DATA FILE EXPORT,,,,,,,,,,,,,,,,,,,,,,,,,,,,
,,,,,,,,,,,,,,,,,,,,,,,,,,,,
FILE CREATED:,6/12/23 23:40,,,,,,,,,,,,,,,,,,,,,,,,,,,
,,,,,,,,,,,,,,,,,,,,,,,,,,,,
,,,MEAN VALUE:,22840.7,0.429,1.16,0.39,28881.6,124.1,124.1,11.13,-1203.4,181.6,0.618,18.32,28441.9,18487,1.4,0,1.201,NA,NA,-62.8,-87.6,14.911,0.429,5.84,0
,,,STANDARD DEVIATION:,16341.5,0.034,1.9,0.63,20664.2,15.9,15.9,0.73,0,45.4,0.054,13.11,20349.5,13227,0.86,0,0,0.46,0.2,26.5,10.8,0.566,0.034,0.02,0
,,,,,,,,,,,,,,,,,,,,,,,,,,,,
,,,SENSOR SERIAL NUMBER:,19F100031,17H100235,17H101342,17H101342,19F100031,17H103857,17H103857,17H103857,20G104159,20G104160,17H100235,19F100031,19F100031,19F100031,17H103502,17H103502,17H103900,20G104159,20G104160,20G104159,20G104160,19F100031,17H100235,17H104984,17H104984
Date (MM/DD/YYYY),Time (HH:mm:ss),Time (Fract. Sec),Site Name,Cond µS/cm,Depth m,fDOM QSU,fDOM RFU,nLF Cond µS/cm,ODO % sat,ODO % local,ODO mg/L,ORP mV,ORP mV,Pressure psi a,Sal psu,SpCond µS/cm,TDS mg/L,Turbidity FNU,TSS mg/L,Wiper Position volt,pH,pH,pH mV,pH mV,Temp ∞C,Vertical Position m,Battery V,Cable Pwr V
5/29/23,14:51:45,0,<site>,20.8,0.383,-1.65,-0.55,25.5,102.2,102.2,10.1,-1203.4,243.5,0.544,0.01,25.1,16,2.71,0,1.201,6.87,7.67,-3.4,-76.9,15.922,0.384,5.87,0
5/29/23,14:52:00,0,<site>,20.9,0.383,-1.69,-0.56,25.6,102.3,102.3,10.11,-1203.4,246.5,0.545,0.01,25.2,16,2.61,0,1.201,6.89,7.67,-4.5,-77.3,15.941,0.382,5.88,0
5/29/23,14:52:15,0,<site>,21,0.383,-1.62,-0.54,25.7,102.3,102.3,10.1,-1203.4,246.7,0.544,0.01,25.3,16,2.72,0,1.201,6.97,7.69,-9.3,-78.2,15.984,0.383,5.89,0
5/29/23,14:52:30,0,<site>,20.9,0.383,-1.62,-0.54,25.6,102.1,102.1,10.06,-1203.4,247.7,0.544,0.01,25.2,16,2.66,0,1.201,7.08,7.68,-15.4,-77.5,16.076,0.382,5.88,0
5/29/23,14:52:45,0,<site>,20.8,0.382,-1.62,-0.54,25.4,102.2,102.2,10.05,-1203.4,250.5,0.544,0.01,25,16,2.71,0,1.201,7.08,7.66,-15.8,-76.3,16.146,0.38,5.88,0
5/29/23,14:53:00,0,<site>,21,0.382,-1.6,-0.53,25.6,102.1,102.1,10.06,-1203.4,253.7,0.544,0.01,25.2,16,2.76,0,1.201,6.99,7.65,-10.3,-75.9,16.116,0.382,5.88,0
5/29/23,14:53:15,0,<site>,20.7,0.383,-1.64,-0.55,25.3,102.3,102.3,10.07,-1203.4,256.2,0.544,0.01,25,16,2.83,0,1.201,7.03,7.65,-12.8,-76.1,16.119,0.381,5.88,0
5/29/23,14:53:30,0,<site>,20.7,0.382,-1.59,-0.53,25.3,102.4,102.4,10.08,-1203.4,258.5,0.543,0.01,24.9,16,2.86,0,1.201,7.01,7.66,-11.4,-76.4,16.148,0.383,5.88,0
5/29/23,14:53:45,0,<site>,20.6,0.383,-1.57,-0.52,25.1,102.5,102.5,10.07,-1203.4,260.2,0.544,0.01,24.8,16,2.94,0,1.201,7.02,7.66,-12.2,-76.6,16.212,0.387,5.88,0
5/29/23,14:54:00,0,<site>,20.7,0.383,-1.58,-0.53,25.2,102.3,102.3,10.06,-1203.4,261.6,0.544,0.01,24.9,16,3.11,0,1.201,7.14,7.65,-19,-76.1,16.198,0.383,5.88,0
5/29/23,14:54:15,0,<site>,20.6,0.383,-1.58,-0.53,25.2,102.5,102.5,10.09,-1203.4,263.8,0.544,0.01,24.8,16,3.05,0,1.201,6.96,7.65,-8.9,-75.8,16.16,0.383,5.88,0
5/29/23,14:54:30,0,<site>,20.7,0.383,-1.63,-0.54,25.2,102.5,102.5,10.08,-1203.4,265.6,0.544,0.01,24.9,16,2.96,0,1.201,6.98,7.64,-9.9,-75.5,16.17,0.381,5.87,0
5/29/23,14:54:45,0,<site>,20.7,0.382,-1.54,-0.51,25.3,102.4,102.4,10.07,-1203.4,267.1,0.543,0.01,25,16,3.1,0,1.201,7,7.64,-11,-75.2,16.146,0.381,5.88,0
5/29/23,14:55:00,0,<site>,20.6,0.382,-1.59,-0.53,25.1,102.3,102.3,10.07,-1203.4,267.5,0.543,0.01,24.8,16,3.03,0,1.201,6.98,7.64,-9.9,-75.5,16.139,0.387,5.88,0
5/29/23,14:55:15,0,<site>,20.3,0.383,-1.56,-0.52,24.7,102.3,102.3,10.07,-1203.4,268.2,0.544,0.01,24.4,16,3.09,0,1.201,6.97,7.64,-9.2,-75.5,16.144,0.381,5.88,0
5/29/23,14:55:30,0,<site>,19.8,0.382,-1.56,-0.52,24.2,102.4,102.4,10.07,-1203.4,269.3,0.544,0.01,23.9,16,3.15,0,1.201,6.92,7.65,-6.5,-75.9,16.153,0.378,5.88,0
5/29/23,14:55:45,0,<site>,18.9,0.382,-1.52,-0.51,23,102,102,10.04,-1203.4,269.7,0.543,0.01,22.7,15,3.18,0,1.201,6.84,7.65,-1.9,-76,16.136,0.385,5.87,0
5/29/23,14:56:00,0,<site>,17.9,0.383,-1.58,-0.53,21.9,101.6,101.6,10.02,-1203.4,270.9,0.544,0.01,21.6,14,3.36,0,1.201,6.97,7.63,-9.4,-75.1,16.059,0.383,5.88,0
5/29/23,14:56:15,0,<site>,18,0.383,-1.6,-0.53,22,101.9,101.9,10.03,-1203.4,272.2,0.544,0.01,21.7,14,3.2,0,1.201,6.91,7.63,-5.8,-75,16.113,0.38,5.88,0
5/29/23,14:56:30,0,<site>,17.9,0.383,-1.53,-0.51,21.8,102,102,10.03,-1203.4,272.3,0.544,0.01,21.5,14,3.13,0,1.201,6.99,7.65,-10.7,-75.9,16.196,0.381,5.87,0
5/29/23,14:56:45,0,<site>,34603.4,0.381,-0.72,-0.24,42305.5,102.7,102.7,8.59,-1203.4,246.7,0.552,26.81,41717.5,27116,5.68,0,1.201,8.22,7.98,-80.9,-94.6,16.062,0.452,5.86,0
5/29/23,14:57:00,0,<site>,34561.7,0.412,2.72,0.91,43299.8,123.3,123.3,10.49,-1203.4,233,0.598,27.46,42654.9,27726,1.23,0,1.201,8.21,8.02,-80.3,-96.4,15.066,0.451,5.86,0
5/29/23,14:57:15,0,<site>,34576.1,0.443,2.65,0.88,43449.9,126.9,126.9,10.82,-1203.4,211.7,0.643,27.56,42797.9,27819,1.25,0,1.201,8.2,8.03,-79.9,-96.9,14.942,0.449,5.86,0
5/29/23,14:57:30,0,<site>,34607.9,0.453,2.7,0.9,43521.5,129.8,129.8,11.07,-1203.4,204.9,0.657,27.61,42867.3,27864,1.31,0,1.201,8.2,8.02,-79.7,-96.5,14.912,0.455,5.86,0
5/29/23,14:57:45,0,<site>,34639.9,0.452,2.65,0.88,43597.2,132.1,132.1,11.27,-1203.4,196.8,0.656,27.66,42940.5,27911,1.18,0,1.201,8.2,8.02,-79.6,-96.2,14.879,0.453,5.86,0
5/29/23,14:58:00,0,<site>,34619,0.452,2.67,0.89,43598.3,133.3,133.3,11.38,-1203.4,191.5,0.657,27.66,42940.6,27911,0.96,0,1.201,8.2,8.01,-79.6,-95.9,14.853,0.456,5.86,0
5/29/23,14:58:15,0,<site>,34594.1,0.452,2.67,0.89,43603.1,134.2,134.2,11.46,-1203.4,187.8,0.657,27.66,42944,27914,0.92,0,1.201,8.2,8.01,-79.5,-95.7,14.82,0.451,5.86,0
5/29/23,14:58:30,0,<site>,34577.2,0.452,2.61,0.87,43618.4,134.8,134.8,11.52,-1203.4,184.9,0.657,27.67,42957.8,27923,0.97,0,1.201,8.2,8.01,-79.5,-95.5,14.786,0.453,5.86,0
5/29/23,14:58:45,0,<site>,34553.4,0.452,2.62,0.87,43625.4,135.3,135.3,11.57,-1203.4,182.8,0.656,27.67,42963.4,27926,1.36,0,1.201,8.2,8,-79.5,-95.4,14.751,0.458,5.86,0
5/29/23,14:59:00,0,<site>,34535,0.452,2.62,0.87,43631.2,135.5,135.5,11.6,-1203.4,181,0.657,27.68,42968.1,27929,0.91,0,1.201,8.2,8,-79.5,-95.2,14.724,0.453,5.85,0
5/29/23,14:59:15,0,<site>,34525.6,0.452,2.63,0.88,43642.9,135.6,135.6,11.61,-1203.4,179.7,0.657,27.68,42978.8,27936,0.94,0,1.201,8.2,8,-79.5,-95.1,14.702,0.45,5.85,0
5/29/23,14:59:30,0,<site>,34522.4,0.452,2.63,0.88,43657.2,135.7,135.7,11.62,-1203.4,178.6,0.657,27.69,42992.2,27945,0.88,0,1.201,8.2,8,-79.5,-95,14.685,0.455,5.85,0
5/29/23,14:59:45,0,<site>,34517.5,0.452,2.61,0.87,43665.9,135.7,135.7,11.63,-1203.4,177.8,0.656,27.7,43000.2,27950,0.9,0,1.201,8.2,8,-79.5,-94.9,14.671,0.452,5.85,0
5/29/23,15:00:00,0,<site>,34512.2,0.452,2.62,0.87,43671.5,135.8,135.8,11.64,-1203.4,177.1,0.656,27.7,43005.4,27953,0.87,0,1.201,8.2,8,-79.5,-94.9,14.66,0.451,5.86,0
5/29/23,15:00:15,0,<site>,34508.7,0.453,2.59,0.86,43677,135.9,135.9,11.64,-1203.4,176.6,0.658,27.71,43010.4,27957,0.88,0,1.201,8.2,7.99,-79.5,-94.8,14.651,0.453,5.85,0
5/29/23,15:00:30,0,<site>,34507.7,0.454,2.59,0.86,43683.7,136,136,11.65,-1203.4,176.2,0.658,27.71,43016.7,27961,0.88,0,1.201,8.2,7.99,-79.5,-94.7,14.644,0.457,5.85,0
5/29/23,15:00:45,0,<site>,34506.6,0.453,2.63,0.88,43689.9,136,136,11.66,-1203.4,175.9,0.658,27.71,43022.6,27965,0.75,0,1.201,8.2,7.99,-79.5,-94.7,14.637,0.457,5.85,0
5/29/23,15:01:00,0,<site>,34503.7,0.453,2.63,0.88,43691.9,136,136,11.66,-1203.4,175.7,0.658,27.72,43024.3,27966,0.79,0,1.201,8.2,7.99,-79.5,-94.6,14.631,0.453,5.85,0
5/29/23,15:01:15,0,<site>,34503.2,0.453,2.54,0.85,43696.5,136.1,136.1,11.66,-1203.4,175.5,0.658,27.72,43028.7,27969,0.82,0,1.201,8.2,7.99,-79.5,-94.6,14.626,0.451,5.85,0
5/29/23,15:01:30,0,<site>,34504.4,0.453,2.62,0.87,43702,136.1,136.1,11.67,-1203.4,175.3,0.658,27.72,43034,27972,0.78,0,1.201,8.2,7.99,-79.5,-94.6,14.623,0.452,5.85,0
5/29/23,15:01:45,0,<site>,34503.7,0.453,2.55,0.85,43704.8,136.1,136.1,11.67,-1203.4,175.3,0.657,27.72,43036.6,27974,0.75,0,1.201,8.2,7.99,-79.4,-94.6,14.619,0.455,5.85,0
5/29/23,15:02:00,0,<site>,34504.2,0.453,2.52,0.84,43708,136.1,136.1,11.67,-1203.4,175.2,0.657,27.73,43039.6,27976,1.07,0,1.201,8.2,7.99,-79.4,-94.6,14.617,0.455,5.85,0
5/29/23,15:02:15,0,<site>,34504.3,0.453,2.53,0.84,43710.6,136.1,136.1,11.67,-1203.4,175.1,0.657,27.73,43042.1,27977,1.17,0,1.201,8.2,7.99,-79.4,-94.5,14.615,0.453,5.85,0
5/29/23,15:02:30,0,<site>,34504.2,0.453,2.52,0.84,43711.3,136.2,136.2,11.68,-1203.4,175,0.658,27.73,43042.8,27978,1.13,0,1.201,8.2,7.99,-79.4,-94.5,14.614,0.459,5.85,0
5/29/23,15:02:45,0,<site>,34506.1,0.453,2.57,0.86,43714.7,136.2,136.2,11.68,-1203.4,174.9,0.658,27.73,43046.1,27980,1.08,0,1.201,8.2,7.99,-79.4,-94.5,14.613,0.453,5.84,0
5/29/23,15:03:00,0,<site>,34506.4,0.453,2.59,0.86,43715.1,136.2,136.2,11.68,-1203.4,174.9,0.658,27.73,43046.5,27980,0.8,0,1.201,8.2,7.99,-79.4,-94.5,14.613,0.45,5.84,0
5/29/23,15:03:15,0,<site>,34505.7,0.453,2.59,0.86,43714.4,136.2,136.2,11.68,-1203.4,174.9,0.658,27.73,43045.8,27980,0.74,0,1.201,8.2,7.99,-79.4,-94.5,14.613,0.452,5.85,0
5/29/23,15:03:30,0,<site>,34507.4,0.453,2.55,0.85,43716.2,136.2,136.2,11.68,-1203.4,174.9,0.658,27.73,43047.6,27981,0.79,0,1.201,8.2,7.99,-79.4,-94.5,14.613,0.453,5.85,0
5/29/23,15:03:45,0,<site>,34506.6,0.453,2.53,0.84,43715.8,136.2,136.2,11.68,-1203.4,174.9,0.657,27.73,43047.2,27981,0.84,0,1.201,8.2,7.99,-79.4,-94.5,14.612,0.456,5.84,0
5/29/23,15:04:00,0,<site>,34506.6,0.453,2.51,0.84,43716,136.2,136.2,11.68,-1203.4,174.9,0.658,27.73,43047.3,27981,0.96,0,1.201,8.2,7.99,-79.4,-94.5,14.612,0.455,5.84,0
5/29/23,15:04:15,0,<site>,34507.7,0.453,2.55,0.85,43716.8,136.2,136.2,11.68,-1203.4,175,0.658,27.73,43048.2,27981,0.9,0,1.201,8.2,7.99,-79.4,-94.5,14.613,0.449,5.84,0
5/29/23,15:04:30,0,<site>,34508.1,0.453,2.56,0.85,43717.9,136.2,136.2,11.68,-1203.4,175,0.658,27.73,43049.3,27982,0.7,0,1.201,8.2,7.99,-79.4,-94.4,14.612,0.452,5.85,0
5/29/23,15:04:45,0,<site>,34509.3,0.453,2.56,0.85,43719,136.2,136.2,11.68,-1203.4,175,0.658,27.73,43050.4,27983,0.73,0,1.201,8.2,7.99,-79.4,-94.4,14.613,0.454,5.84,0
5/29/23,15:05:00,0,<site>,34509.1,0.453,2.53,0.84,43719.2,136.2,136.2,11.68,-1203.4,175.1,0.657,27.73,43050.5,27983,0.88,0,1.201,8.2,7.99,-79.4,-94.4,14.612,0.452,5.84,0
5/29/23,15:05:15,0,<site>,34509.9,0.453,2.53,0.84,43719.7,136.2,136.2,11.68,-1203.4,175.1,0.658,27.73,43051.1,27983,0.93,0,1.201,8.2,7.99,-79.4,-94.4,14.613,0.453,5.84,0
5/29/23,15:05:30,0,<site>,34509.9,0.454,2.55,0.85,43719.2,136.2,136.2,11.68,-1203.4,175.2,0.659,27.73,43050.6,27983,0.95,0,1.201,8.2,7.99,-79.4,-94.4,14.613,0.459,5.84,0
5/29/23,15:05:45,0,<site>,34511,0.454,2.52,0.84,43719.9,136.3,136.3,11.68,-1203.4,175.3,0.659,27.73,43051.3,27983,0.93,0,1.201,8.2,7.99,-79.4,-94.3,14.614,0.455,5.84,0
5/29/23,15:06:00,0,<site>,34513.5,0.454,2.51,0.84,43722.1,136.2,136.2,11.68,-1203.4,175.3,0.659,27.74,43053.5,27985,0.86,0,1.201,8.2,7.99,-79.4,-94.3,14.615,0.453,5.84,0
5/29/23,15:06:15,0,<site>,34513.5,0.454,2.48,0.83,43721.4,136.3,136.3,11.68,-1203.4,175.4,0.659,27.74,43052.8,27984,0.87,0,1.201,8.2,7.99,-79.4,-94.3,14.615,0.458,5.83,0
5/29/23,15:06:30,0,<site>,34514.1,0.454,2.52,0.84,43721,136.3,136.3,11.68,-1203.4,175.5,0.659,27.74,43052.5,27984,0.84,0,1.201,8.2,7.99,-79.4,-94.3,14.617,0.457,5.83,0
5/29/23,15:06:45,0,<site>,34515.6,0.454,2.49,0.83,43721.8,136.3,136.3,11.68,-1203.4,175.5,0.659,27.74,43053.3,27985,0.81,0,1.201,8.2,7.98,-79.4,-94.3,14.617,0.451,5.84,0
5/29/23,15:07:00,0,<site>,34517.1,0.454,2.55,0.85,43722.5,136.3,136.3,11.69,-1203.4,175.6,0.659,27.74,43054,27985,0.8,0,1.201,8.2,7.98,-79.4,-94.3,14.619,0.455,5.84,0
5/29/23,15:07:15,0,<site>,34517.8,0.454,2.53,0.84,43721.4,136.3,136.3,11.68,-1203.4,175.7,0.659,27.74,43053,27984,0.78,0,1.201,8.2,7.98,-79.4,-94.3,14.62,0.453,5.84,0
5/29/23,15:07:30,0,<site>,34518.2,0.454,2.56,0.85,43720.7,136.3,136.3,11.69,-1203.4,175.7,0.659,27.74,43052.3,27984,0.82,0,1.201,8.2,7.98,-79.4,-94.3,14.622,0.452,5.83,0
5/29/23,15:07:45,0,<site>,34520.3,0.454,2.52,0.84,43720.9,136.3,136.3,11.68,-1203.4,175.8,0.658,27.74,43052.6,27984,0.76,0,1.201,8.2,7.98,-79.4,-94.3,14.624,0.452,5.83,0
5/29/23,15:08:00,0,<site>,34520.3,0.454,2.51,0.84,43719.9,136.3,136.3,11.68,-1203.4,175.8,0.659,27.73,43051.6,27984,0.77,0,1.201,8.2,7.98,-79.4,-94.2,14.625,0.451,5.84,0
5/29/23,15:08:15,0,<site>,34521.3,0.454,2.54,0.85,43719.1,136.3,136.3,11.68,-1203.4,175.9,0.659,27.73,43051,27983,0.82,0,1.201,8.2,7.98,-79.4,-94.2,14.627,0.454,5.84,0
5/29/23,15:08:30,0,<site>,34523.2,0.454,2.55,0.85,43719.9,136.3,136.3,11.68,-1203.4,176,0.66,27.74,43051.8,27984,0.79,0,1.201,8.2,7.98,-79.4,-94.2,14.628,0.454,5.84,0
5/29/23,15:08:45,0,<site>,34522.5,0.454,2.51,0.84,43717.4,136.3,136.3,11.68,-1203.4,176.1,0.659,27.73,43049.4,27982,0.77,0,1.201,8.2,7.98,-79.4,-94.2,14.63,0.455,5.83,0
5/29/23,15:09:00,0,<site>,34526.8,0.453,2.51,0.84,43721,136.3,136.3,11.68,-1203.4,176.1,0.658,27.74,43053,27984,0.75,0,1.201,8.2,7.98,-79.4,-94.2,14.631,0.453,5.83,0
5/29/23,15:09:15,0,<site>,34527.9,0.454,2.45,0.82,43720.3,136.2,136.2,11.68,-1203.4,176.2,0.659,27.74,43052.3,27984,0.73,0,1.201,8.2,7.98,-79.4,-94.2,14.633,0.452,5.83,0
5/29/23,15:09:30,0,<site>,34531.3,0.454,2.55,0.85,43722.8,136.2,136.2,11.68,-1203.4,176.2,0.659,27.74,43054.9,27986,0.78,0,1.201,8.2,7.98,-79.4,-94.2,14.635,0.453,5.83,0
5/29/23,15:09:45,0,<site>,34532,0.453,2.49,0.83,43720.6,136.2,136.2,11.68,-1203.4,176.3,0.658,27.74,43052.8,27984,0.88,0,1.201,8.2,7.98,-79.5,-94.2,14.638,0.45,5.83,0
5/29/23,15:10:00,0,<site>,34535,0.454,2.55,0.85,43722.4,136.2,136.2,11.67,-1203.4,176.3,0.658,27.74,43054.7,27986,0.92,0,1.201,8.2,7.98,-79.5,-94.2,14.64,0.454,5.82,0
5/29/23,15:10:15,0,<site>,34537.8,0.453,2.49,0.83,43722.8,136.2,136.2,11.67,-1203.4,176.4,0.658,27.74,43055.2,27986,0.93,0,1.201,8.2,7.98,-79.5,-94.2,14.643,0.454,5.83,0
5/29/23,15:10:30,0,<site>,34541.4,0.454,2.53,0.84,43724.7,136.2,136.2,11.67,-1203.4,176.4,0.658,27.74,43057.2,27987,0.89,0,1.201,8.2,7.98,-79.5,-94.2,14.645,0.457,5.83,0
5/29/23,15:10:45,0,<site>,34547.3,0.453,2.49,0.83,43728.5,136.2,136.2,11.66,-1203.4,176.5,0.658,27.74,43061,27990,0.88,0,1.201,8.2,7.98,-79.5,-94.1,14.649,0.457,5.83,0
5/29/23,15:11:00,0,<site>,34552.9,0.453,2.53,0.84,43731.4,136.1,136.1,11.66,-1203.4,176.5,0.658,27.74,43064,27992,0.88,0,1.201,8.2,7.98,-79.5,-94.1,14.652,0.451,5.83,0
5/29/23,15:11:15,0,<site>,34557.1,0.454,2.49,0.83,43732.4,136.1,136.1,11.66,-1203.4,176.5,0.659,27.75,43065.2,27992,0.99,0,1.201,8.2,7.98,-79.5,-94.1,14.656,0.452,5.83,0
5/29/23,15:11:30,0,<site>,34563,0.453,2.53,0.84,43735.5,136.1,136.1,11.65,-1203.4,176.5,0.658,27.75,43068.4,27994,0.9,0,1.201,8.2,7.98,-79.5,-94.1,14.66,0.453,5.83,0
5/29/23,15:11:45,0,<site>,34565.6,0.453,2.48,0.83,43735,136,136,11.65,-1203.4,176.6,0.658,27.75,43068,27994,0.89,0,1.201,8.2,7.98,-79.5,-94.1,14.664,0.455,5.83,0
5/29/23,15:12:00,0,<site>,34568.9,0.454,2.52,0.84,43734.7,136,136,11.65,-1203.4,176.6,0.659,27.75,43067.9,27994,0.98,0,1.201,8.2,7.98,-79.5,-94.1,14.668,0.455,5.83,0
5/29/23,15:12:15,0,<site>,34571.8,0.454,2.49,0.83,43734.9,136,136,11.64,-1203.4,176.6,0.66,27.75,43068.2,27994,0.96,0,1.201,8.2,7.98,-79.5,-94.1,14.671,0.457,5.82,0
5/29/23,15:12:30,0,<site>,34574.5,0.455,2.58,0.86,43734.1,135.9,135.9,11.64,-1203.4,176.6,0.66,27.75,43067.6,27994,0.92,0,1.201,8.2,7.98,-79.5,-94.1,14.675,0.459,5.82,0
5/29/23,15:12:45,0,<site>,34576.6,0.454,2.53,0.84,43732.5,135.9,135.9,11.64,-1203.4,176.6,0.659,27.75,43066.1,27993,0.88,0,1.201,8.2,7.98,-79.5,-94.1,14.679,0.454,5.82,0
5/29/23,15:13:00,0,<site>,34579.7,0.454,2.53,0.84,43732.6,135.9,135.9,11.63,-1203.4,176.7,0.659,27.75,43066.4,27993,0.9,0,1.201,8.2,7.98,-79.5,-94.1,14.683,0.452,5.82,0
5/29/23,15:13:15,0,<site>,34581.3,0.454,2.48,0.83,43731.3,135.9,135.9,11.63,-1203.4,176.7,0.659,27.75,43065.2,27992,0.93,0,1.201,8.2,7.98,-79.6,-94.1,14.686,0.454,5.82,0
5/29/23,15:13:30,0,<site>,34585.5,0.454,2.48,0.83,43732.8,135.9,135.9,11.63,-1203.4,176.7,0.659,27.75,43066.8,27993,0.88,0,1.201,8.2,7.98,-79.6,-94.1,14.689,0.457,5.82,0
5/29/23,15:13:45,0,<site>,34587,0.454,2.46,0.82,43730.9,135.9,135.9,11.63,-1203.4,176.7,0.66,27.75,43065.1,27992,0.9,0,1.201,8.2,7.98,-79.6,-94.1,14.693,0.455,5.82,0
5/29/23,15:14:00,0,<site>,34589.9,0.454,2.46,0.82,43731.6,135.9,135.9,11.63,-1203.4,176.7,0.659,27.75,43065.8,27993,0.95,0,1.201,8.2,7.98,-79.6,-94.1,14.696,0.45,5.82,0
5/29/23,15:14:15,0,<site>,34592.6,0.454,2.43,0.81,43731.3,135.8,135.8,11.63,-1203.4,176.8,0.66,27.75,43065.7,27993,1.01,0,1.201,8.2,7.98,-79.6,-94.1,14.699,0.455,5.82,0
5/29/23,15:14:30,0,<site>,34594,0.454,2.41,0.8,43729.2,135.8,135.8,11.62,-1203.4,176.8,0.659,27.74,43063.8,27991,0.91,0,1.201,8.2,7.98,-79.6,-94.1,14.703,0.454,5.82,0
5/29/23,15:14:45,0,<site>,34598.1,0.454,2.44,0.81,43730.4,135.8,135.8,11.62,-1203.4,176.8,0.659,27.75,43065.1,27992,0.93,0,1.201,8.2,7.98,-79.7,-94.1,14.706,0.452,5.82,0
5/29/23,15:15:00,0,<site>,34599.2,0.454,2.43,0.81,43729,135.8,135.8,11.62,-1203.4,176.9,0.659,27.75,43063.8,27991,1.01,0,1.201,8.2,7.98,-79.7,-94.1,14.709,0.453,5.82,0
5/29/23,15:15:15,0,<site>,34602.6,0.454,2.4,0.8,43728.2,135.8,135.8,11.62,-1203.4,176.9,0.659,27.74,43063.2,27991,1.04,0,1.201,8.2,7.98,-79.7,-94.1,14.714,0.457,5.82,0
5/29/23,15:15:30,0,<site>,34604.7,0.454,2.46,0.82,43727.6,135.8,135.8,11.62,-1203.4,176.9,0.659,27.74,43062.7,27991,1.07,0,1.201,8.2,7.98,-79.7,-94.1,14.717,0.455,5.82,0
5/29/23,15:15:45,0,<site>,34609,0.454,2.46,0.82,43729,135.7,135.7,11.61,-1203.4,176.9,0.659,27.75,43064.2,27992,1.14,0,1.201,8.2,7.98,-79.7,-94.1,14.72,0.45,5.81,0
5/29/23,15:16:00,0,<site>,34612.5,0.454,2.49,0.83,43728.9,135.7,135.7,11.61,-1203.4,177,0.658,27.75,43064.3,27992,1.29,0,1.201,8.2,7.98,-79.7,-94.1,14.725,0.452,5.82,0
5/29/23,15:16:15,0,<site>,42.3,0.439,0.22,0.07,53.5,120.7,120.7,12.25,-1203.4,145.3,0.623,0.02,52.7,34,1.56,0,1.201,8.08,7.99,-72.7,-94.5,14.714,0.385,5.82,0
5/29/23,15:16:30,0,<site>,29.7,0.406,-1.42,-0.47,37.5,110.3,110.3,11.19,-1203.4,123.1,0.577,0.02,37,24,1.6,0,1.201,8.02,7.98,-69.3,-94.3,14.685,0.386,5.82,0
5/29/23,15:16:45,0,<site>,24.4,0.382,-1.45,-0.48,30.8,105.6,105.6,10.72,-1203.4,104.1,0.543,0.01,30.3,20,1.47,0,1.201,7.88,7.92,-61.2,-91,14.703,0.383,5.82,0
5/29/23,15:17:00,0,<site>,22.6,0.382,-1.38,-0.46,28.6,103.4,103.4,10.5,-1203.4,98.8,0.543,0.01,28.2,18,1.61,0,1.201,7.82,7.84,-58.1,-86.2,14.651,0.377,5.81,0
5/29/23,15:17:15,0,<site>,21.6,0.381,-1.43,-0.48,27.3,102.8,102.8,10.45,-1203.4,91.2,0.542,0.01,26.9,17,1.5,0,1.201,7.77,7.77,-55.1,-82.5,14.622,0.382,5.81,0
5/29/23,15:17:30,0,<site>,21.2,0.381,-1.42,-0.47,26.9,101.7,101.7,10.35,-1203.4,88.5,0.542,0.01,26.5,17,1.48,0,1.201,7.73,7.6,-52.9,-73.2,14.596,0.38,5.82,0
5/29/23,15:17:45,0,<site>,20.9,0.381,-1.39,-0.46,26.6,101.6,101.6,10.36,-1203.4,85.8,0.541,0.01,26.1,17,1.41,0,1.201,7.65,7.59,-47.9,-72.7,14.495,0.377,5.82,0
5/29/23,15:18:00,0,<site>,20.8,0.381,-1.46,-0.49,26.4,101.4,101.4,10.35,-1203.4,86.5,0.541,0.01,26,17,1.48,0,1.201,7.67,7.45,-49.1,-64.4,14.456,0.379,5.82,0
5/29/23,15:18:15,0,<site>,20.6,0.38,-1.43,-0.48,26.2,101.3,101.3,10.33,-1203.4,90.8,0.541,0.01,25.8,17,1.37,0,1.201,7.65,7.43,-48.3,-63.7,14.453,0.384,5.81,0
5/29/23,15:18:30,0,<site>,19.9,0.38,-1.45,-0.48,25.3,101.3,101.3,10.34,-1203.4,96.3,0.541,0.01,24.9,16,1.43,0,1.201,7.66,7.45,-49,-64.9,14.464,0.382,5.82,0
5/29/23,15:18:45,0,<site>,19.7,0.38,-1.43,-0.48,25.1,101.2,101.2,10.31,-1203.4,101.4,0.541,0.01,24.7,16,1.47,0,1.201,7.64,7.47,-47.8,-65.7,14.489,0.38,5.81,0
5/29/23,15:19:00,0,<site>,19.8,0.381,-1.36,-0.45,25.2,101,101,10.29,-1203.4,106.8,0.541,0.01,24.8,16,1.42,0,1.201,7.63,7.43,-47,-63.8,14.509,0.38,5.82,0
5/29/23,15:19:15,0,<site>,19.8,0.381,-1.36,-0.45,25.2,100.8,100.8,10.28,-1203.4,113,0.541,0.01,24.8,16,1.44,0,1.201,7.59,7.42,-44.5,-63.1,14.495,0.379,5.81,0
5/29/23,15:19:30,0,<site>,20.2,0.381,-1.4,-0.47,25.7,100.8,100.8,10.28,-1203.4,124.8,0.541,0.01,25.3,16,1.39,0,1.201,7.55,7.42,-42.7,-63.1,14.462,0.381,5.81,0
5/29/23,15:19:45,0,<site>,19.7,0.381,-1.39,-0.46,25,101,101,10.3,-1203.4,127.9,0.542,0.01,24.6,16,1.59,0,1.201,7.64,7.43,-47.8,-63.8,14.472,0.383,5.82,0
5/29/23,15:20:00,0,<site>,19.3,0.381,-1.36,-0.45,24.5,101.1,101.1,10.3,-1203.4,132.2,0.542,0.01,24.1,16,1.47,0,1.201,7.58,7.49,-43.9,-66.9,14.556,0.378,5.8,0
5/29/23,15:20:15,0,<site>,19.1,0.382,-1.34,-0.45,24.2,100.8,100.8,10.25,-1203.4,135.8,0.542,0.01,23.8,15,1.45,0,1.201,7.58,7.48,-44,-66.5,14.62,0.383,5.8,0
5/29/23,15:20:30,0,<site>,19.1,0.382,-1.33,-0.44,24.2,101.1,101.1,10.27,-1203.4,136.7,0.542,0.01,23.9,16,1.43,0,1.201,7.54,7.48,-42.2,-66.3,14.651,0.382,5.8,0
5/29/23,15:20:45,0,<site>,19.4,0.381,-1.36,-0.45,24.5,100.8,100.8,10.23,-1203.3,124.3,0.542,0.01,24.1,16,1.49,0,1.201,7.55,7.48,-42.2,-66.4,14.684,0.38,5.8,0
5/29/23,15:21:00,0,<site>,19.5,0.381,-1.42,-0.47,24.7,100.6,100.6,10.22,-1203.3,112.1,0.542,0.01,24.3,16,1.5,0,1.201,7.53,7.47,-41.4,-65.7,14.67,0.38,5.8,0