datetime,temp_c,sal_psu,ph_total,co2_ppm_calc
2023-08-14T00:05:00Z,14.436,30.46,7.83,603.5228480198035
2023-08-14T00:10:00Z,14.416,30.46,7.83,607.0832221961233
2023-08-14T00:15:00Z,14.397,30.46,7.83,608.5936839678953
2023-08-14T00:20:00Z,14.373,30.47,7.82,610.823413250035
2023-08-14T00:25:00Z,14.345,30.47,7.82,612.1900215197335
2023-08-14T00:30:00Z,14.315,30.47,7.8100000000000005,616.2179195777921
2023-08-14T00:35:00Z,14.287,30.48,7.8100000000000005,617.0810405902334
2023-08-14T00:40:00Z,14.273,30.48,7.8100000000000005,620.1738908848142
2023-08-14T00:45:00Z,14.245,30.48,7.8100000000000005,621.7922427831413
2023-08-14T00:50:00Z,14.23,30.48,7.8,624.2737156939097
2023-08-14T00:55:00Z,14.216,30.49,7.8,626.8271153557148
2023-08-14T01:00:00Z,14.185,30.49,7.8,629.2726248909647
2023-08-14T01:05:00Z,14.161,30.49,7.79,632.0777681813985
2023-08-14T01:10:00Z,14.14,30.49,7.79,633.9478637083544
2023-08-14T01:15:00Z,14.113,30.49,7.78,635.3144719780528
2023-08-14T01:20:00Z,14.086,30.5,7.78,638.8029194033359
2023-08-14T01:25:00Z,14.055,30.5,7.78,641.8598063223983
2023-08-14T01:30:00Z,14.036,30.5,7.7700000000000005,645.8157776294202
2023-08-14T01:35:00Z,14.007,30.51,7.7700000000000005,648.0455069115599
2023-08-14T01:40:00Z,13.981,30.51,7.7700000000000005,650.9945037040671
2023-08-14T01:45:00Z,13.959,30.51,7.76,652.8286358555047
2023-08-14T01:50:00Z,13.941,30.51,7.76,655.4899256438648
2023-08-14T01:55:00Z,13.909,30.51,7.76,657.2521310442655
2023-08-14T02:00:00Z,13.898,30.52,7.75,659.5537870774419
2023-08-14T02:05:00Z,13.869,30.52,7.75,662.5387472454677
2023-08-14T02:10:00Z,13.848,30.52,7.75,665.4158172869381
2023-08-14T02:15:00Z,13.829,30.52,7.74,667.3938029404492
2023-08-14T02:20:00Z,13.815,30.53,7.74,670.5226166105483
2023-08-14T02:25:00Z,13.798,30.52,7.74,672.5006022640594
2023-08-14T02:30:00Z,13.785,30.53,7.74,673.5795035296107
2023-08-14T02:35:00Z,13.77,30.52,7.74,674.6584047951623
2023-08-14T02:40:00Z,13.767,30.52,7.74,675.4136356810483
2023-08-14T02:45:00Z,13.769,30.53,7.73,676.3846468200445
2023-08-14T02:50:00Z,13.761,30.53,7.73,676.1688665669342
2023-08-14T02:55:00Z,13.764,30.52,7.73,677.2837312080042
2023-08-14T03:00:00Z,13.764,30.53,7.73,677.3556579590409
2023-08-14T03:05:00Z,13.761,30.53,7.73,677.3556579590409
2023-08-14T03:10:00Z,13.766,30.53,7.73,680.0529111229195
2023-08-14T03:15:00Z,13.766,30.52,7.73,682.2107136540224
2023-08-14T03:20:00Z,13.762,30.53,7.73,681.887043274357
2023-08-14T03:25:00Z,13.755,30.53,7.73,682.3905305316143
2023-08-14T03:30:00Z,13.753,30.53,7.72,683.1457614175004
2023-08-14T03:35:00Z,13.747,30.52,7.72,685.0518203199745
2023-08-14T03:40:00Z,13.743,30.53,7.72,686.2745750875995
2023-08-14T03:45:00Z,13.733,30.53,7.72,687.7131101083347
2023-08-14T03:50:00Z,13.726,30.53,7.72,689.15164512907
2023-08-14T03:55:00Z,13.713,30.53,7.72,690.0507295170296
2023-08-14T04:00:00Z,13.717,30.53,7.72,691.9927517950221
2023-08-14T04:05:00Z,13.711,30.53,7.72,692.1006419215773
2023-08-14T04:10:00Z,13.709,30.53,7.71,692.172568672614
2023-08-14T04:15:00Z,13.703,30.53,7.71,694.6180782078641
2023-08-14T04:20:00Z,13.697,30.53,7.71,694.3303712037169
2023-08-14T04:25:00Z,13.692,30.52,7.71,697.3872581227794
2023-08-14T04:30:00Z,13.69,30.52,7.71,697.5670750003712
2023-08-14T04:35:00Z,13.682,30.52,7.71,697.6030383758896
2023-08-14T04:40:00Z,13.681,30.52,7.71,698.7898297679963
2023-08-14T04:45:00Z,13.679,30.52,7.7,700.4081816663235
2023-08-14T04:50:00Z,13.674,30.52,7.71,701.882680062577
2023-08-14T04:55:00Z,13.671,30.52,7.7,701.127449176691
2023-08-14T05:00:00Z,13.667,30.52,7.7,702.1703870667241
2023-08-14T05:05:00Z,13.662,30.52,7.7,703.0694714546837
2023-08-14T05:10:00Z,13.661,30.52,7.7,703.3571784588307
2023-08-14T05:15:00Z,13.655,30.52,7.7,704.8676402306028
2023-08-14T05:20:00Z,13.656,30.52,7.7,705.2272739857865
2023-08-14T05:25:00Z,13.649,30.52,7.7,705.9825048716725
2023-08-14T05:30:00Z,13.645,30.52,7.7,705.0474571081946
2023-08-14T05:35:00Z,13.643,30.52,7.7,705.8746147451175
2023-08-14T05:40:00Z,13.646,30.51,7.7,706.3061752513379
2023-08-14T05:45:00Z,13.646,30.51,7.7,705.3351641123418
2023-08-14T05:50:00Z,13.642,30.51,7.7,704.7957134795661
2023-08-14T05:55:00Z,13.638,30.51,7.7,705.2992007368233
2023-08-14T06:00:00Z,13.652,30.51,7.7,705.6947978675255
2023-08-14T06:05:00Z,13.651,30.52,7.7,705.2992007368233
2023-08-14T06:10:00Z,13.652,30.51,7.7,704.9755303571579
2023-08-14T06:15:00Z,13.659,30.52,7.7,702.4580940708712
2023-08-14T06:20:00Z,13.663,30.51,7.7,703.7887389650513
2023-08-14T06:25:00Z,13.66,30.52,7.7,702.7458010750182
2023-08-14T06:30:00Z,13.667,30.51,7.7,702.8536912015734
2023-08-14T06:35:00Z,13.685,30.51,7.71,702.3861673198344
2023-08-14T06:40:00Z,13.693,30.51,7.71,701.6309364339484
2023-08-14T06:45:00Z,13.698,30.5,7.71,700.6239619194337
2023-08-14T06:50:00Z,13.707,30.5,7.72,699.329280400772
2023-08-14T06:55:00Z,13.704,30.5,7.71,699.0415733966249
2023-08-14T07:00:00Z,13.712,30.51,7.71,697.4951482493345
2023-08-14T07:05:00Z,13.725,30.5,7.72,694.3663345792354
2023-08-14T07:10:00Z,13.731,30.5,7.72,692.819909431945
2023-08-14T07:15:00Z,13.745,30.5,7.72,693.0716530605736
2023-08-14T07:20:00Z,13.753,30.5,7.72,691.3813744112097
2023-08-14T07:25:00Z,13.761,30.5,7.73,691.7410081663935
2023-08-14T07:30:00Z,13.778,30.5,7.73,688.9718282514781
2023-08-14T07:35:00Z,13.791,30.5,7.73,687.6052199817796
2023-08-14T07:40:00Z,13.804,30.5,7.73,685.0518203199745
2023-08-14T07:45:00Z,13.82,30.5,7.74,683.4334684216474
2023-08-14T07:50:00Z,13.829,30.5,7.74,681.5274095191731
2023-08-14T07:55:00Z,13.855,30.5,7.75,680.1248378739563
2023-08-14T08:00:00Z,13.863,30.49,7.75,676.9240974528202
2023-08-14T08:05:00Z,13.892,30.5,7.75,675.0540019258644
2023-08-14T08:10:00Z,13.913,30.49,7.76,671.9611516312837
2023-08-14T08:15:00Z,13.922,30.49,7.76,669.5875688470704
2023-08-14T08:20:00Z,13.942,30.49,7.7700000000000005,665.775451042122
2023-08-14T08:25:00Z,13.972,30.49,7.7700000000000005,661.4598459799163
2023-08-14T08:30:00Z,14.002,30.5,7.7700000000000005,658.7625928160376
2023-08-14T08:35:00Z,14.025,30.5,7.78,656.532863533898
2023-08-14T08:40:00Z,14.043,30.49,7.78,653.4400132393171
2023-08-14T08:45:00Z,14.076,30.49,7.79,651.1383572061407
2023-08-14T08:50:00Z,14.098,30.47,7.79,648.0095435360415
2023-08-14T08:55:00Z,14.121,30.47,7.8,645.5280706252731
2023-08-14T09:00:00Z,14.169,30.48,7.8,642.6510005838027
2023-08-14T09:05:00Z,14.207,30.49,7.8100000000000005,639.8818206688873
2023-08-14T09:10:00Z,14.241,30.49,7.82,634.3434608390565
2023-08-14T09:10:00Z,14.241,30.49,7.82,635.6021789821998
2023-08-14T09:15:00Z,14.24,30.48,7.82,633.1926328224683
2023-08-14T09:20:00Z,14.282,30.48,7.83,632.4374019365823
2023-08-14T09:25:00Z,14.327,30.47,7.83,627.4384927395272
2023-08-14T09:30:00Z,14.358,30.47,7.84,623.4105946814685
2023-08-14T09:35:00Z,14.401,30.49,7.84,618.7713192395973
2023-08-14T09:40:00Z,14.41,30.47,7.84,616.0381027002004
2023-08-14T09:45:00Z,14.451,30.49,7.8500000000000005,613.6285565404687
2023-08-14T09:50:00Z,14.476,30.48,7.86,611.0751568786636
2023-08-14T09:55:00Z,14.541,30.48,7.86,607.7665263309725
2023-08-14T10:00:00Z,14.613,30.46,7.87,601.9764228725131
2023-08-14T10:05:00Z,14.608,30.5,7.87,597.7327445613441
2023-08-14T10:10:00Z,14.708,30.48,7.88,593.5609930012118
2023-08-14T10:15:00Z,14.703,30.47,7.89,590.1444723269656
2023-08-14T10:20:00Z,14.783,30.4,7.89,587.1235487834215
2023-08-14T10:25:00Z,14.797,30.41,7.8999999999999995,583.5991379826202
2023-08-14T10:30:00Z,14.776,30.36,7.909999999999999,580.2185806838922
2023-08-14T10:35:00Z,14.821,30.48,7.8999999999999995,577.1257303893115
2023-08-14T10:40:00Z,14.866,30.18,7.920000000000001,574.1407702212858
2023-08-14T10:45:00Z,14.923,30.14,7.920000000000001,571.4794804329256
2023-08-14T10:50:00Z,14.986,30.14,7.930000000000001,568.9260807711205
2023-08-14T10:55:00Z,15.004,30.14,7.94,565.9051572275764
2023-08-14T11:00:00Z,15.01,30.14,7.95,563.9631349495838
2023-08-14T11:05:00Z,15.075,30.06,7.95,560.2229438956722
2023-08-14T11:10:00Z,15.107,30.42,7.96,559.0361525035655
2023-08-14T11:15:00Z,15.138,30.41,7.97,557.7774343604221
2023-08-14T11:20:00Z,15.141,30.29,7.9799999999999995,555.3319248251722
2023-08-14T11:25:00Z,15.142,30.32,7.9799999999999995,552.7425617878488
2023-08-14T11:30:00Z,15.176,30.33,7.9799999999999995,551.2321000160767
2023-08-14T11:35:00Z,15.196,30.45,7.96,548.894480607382
2023-08-14T11:40:00Z,15.469,30.33,7.97,546.9164949538709
2023-08-14T11:45:00Z,15.458,30.26,7.9799999999999995,545.8375936883195
2023-08-14T11:50:00Z,15.527,30.32,7.989999999999999,545.5498866841724
2023-08-14T11:55:00Z,15.52,30.28,7.989999999999999,543.140340524441
2023-08-14T12:00:00Z,15.546,30.32,7.989999999999999,542.1693293854446
2023-08-14T12:05:00Z,15.573,30.26,7.989999999999999,542.0614392588894
2023-08-14T12:10:00Z,15.548,30.31,7.989999999999999,540.4430873605622
2023-08-14T12:15:00Z,15.521,30.34,8,539.6878564746762
2023-08-14T12:20:00Z,15.499,30.42,8,539.0764790908638
2023-08-14T12:25:00Z,15.507,30.28,8.01,539.4361128460476
2023-08-14T12:30:00Z,15.612,30.3,8.02,538.71684533568
2023-08-14T12:35:00Z,15.527,30.35,7.989999999999999,536.0915189228381
2023-08-14T12:40:00Z,15.586,30.34,8,535.336288036952
2023-08-14T12:45:00Z,15.614,30.34,8,533.6100460120698
2023-08-14T12:50:00Z,15.587,30.33,8.01,533.6819727631066
2023-08-14T12:55:00Z,15.758,30.24,8,534.0416065182903
2023-08-14T13:00:00Z,15.648,30.32,8.01,531.9557307382242
2023-08-14T13:05:00Z,15.702,30.32,8,530.9127928481912
2023-08-14T13:10:00Z,15.714,30.34,8,531.6320603585588
2023-08-14T13:15:00Z,15.688,30.29,8.01,529.4382944519375
2023-08-14T13:20:00Z,15.721,30.33,8.01,529.1865508233088
2023-08-14T13:25:00Z,15.66,30.35,8.01,528.1076495577574
2023-08-14T13:30:00Z,15.668,30.34,8.01,528.2155396843125
2023-08-14T13:35:00Z,15.581,30.37,8,527.1366384187611
2023-08-14T13:40:00Z,15.682,30.39,8.01,526.4173709083934
2023-08-14T13:45:00Z,15.617,30.39,8.01,524.6551655079928
2023-08-14T13:50:00Z,15.668,30.38,8.01,525.1226893897317
2023-08-14T13:55:00Z,15.527,30.42,8.01,524.2236050017722
2023-08-14T14:00:00Z,15.541,30.45,8.02,522.5692897279266
2023-08-14T14:05:00Z,15.501,30.52,8.02,522.9289234831105
2023-08-14T14:10:00Z,15.56,30.5,8.02,521.2746082092649
2023-08-14T14:15:00Z,15.588,30.45,8.03,520.5553406988973
2023-08-14T14:20:00Z,15.651,30.42,8.03,520.0158900661215
2023-08-14T14:25:00Z,15.649,30.43,8.02,519.6562563109378
2023-08-14T14:30:00Z,15.739,30.47,8.03,518.361574792276
2023-08-14T14:35:00Z,15.68,30.45,8.02,518.1098311636473
2023-08-14T14:40:00Z,15.716,30.51,8.03,518.5054282943495
2023-08-14T14:45:00Z,15.766,30.44,8.03,517.1028566491327
2023-08-14T14:50:00Z,15.754,30.52,8.03,516.5993693918754
2023-08-14T14:55:00Z,15.748,30.47,8.03,515.0889076201033
2023-08-14T15:00:00Z,15.76,30.36,8.059999999999999,513.83018947696
2023-08-14T15:05:00Z,15.735,30.43,8.08,513.5424824728129
2023-08-14T15:10:00Z,15.603,30.5,8.08,512.895141713482
2023-08-14T15:15:00Z,15.604,30.5,8.08,511.8522038234489
2023-08-14T15:20:00Z,15.584,30.53,8.03,510.5215589292689
2023-08-14T15:25:00Z,15.602,30.52,8.03,510.4855955537505
2023-08-14T15:30:00Z,15.58,30.54,8.03,508.36375639816595
2023-08-14T15:35:00Z,15.604,30.55,8.03,507.96815926746376
2023-08-14T15:40:00Z,15.602,30.56,8.03,507.6085255122799
2023-08-14T15:45:00Z,15.61,30.52,8.03,507.7164156388351
2023-08-14T15:50:00Z,15.596,30.53,8.04,506.5655876222469
2023-08-14T15:55:00Z,15.62,30.51,8.04,506.20595386706304
2023-08-14T16:00:00Z,15.63,30.5,8.04,504.2998949645888
2023-08-14T16:05:00Z,15.62,30.54,8.04,505.0910892259933
2023-08-14T16:10:00Z,15.625,30.54,8.04,503.1490669480006
2023-08-14T16:15:00Z,15.631,30.54,8.049999999999999,502.5376895641881
2023-08-14T16:20:00Z,15.627,30.51,8.049999999999999,502.64557969074326
2023-08-14T16:25:00Z,15.667,30.53,8.049999999999999,501.3868615475999
2023-08-14T16:30:00Z,15.636,30.53,8.049999999999999,501.96227555589405
2023-08-14T16:35:00Z,15.656,30.55,8.049999999999999,501.3149347965632
2023-08-14T16:40:00Z,15.691,30.56,8.059999999999999,500.5956672861955
2023-08-14T16:45:00Z,15.683,30.55,8.069999999999999,500.0202532779014
2023-08-14T16:50:00Z,15.713,30.5,8.069999999999999,499.4448392696073
2023-08-14T16:55:00Z,15.678,30.54,8.069999999999999,498.9053886368316
2023-08-14T17:00:00Z,15.692,30.53,8.069999999999999,499.3009857675338
2023-08-14T17:05:00Z,15.673,30.55,8.069999999999999,498.79749851027645
2023-08-14T17:10:00Z,15.674,30.55,8.08,497.79052399576176
2023-08-14T17:15:00Z,15.628,30.52,8.059999999999999,498.7255717592397
2023-08-14T17:20:00Z,15.604,30.52,8.059999999999999,498.61768163268454
2023-08-14T17:25:00Z,15.565,30.53,8.059999999999999,497.718597244725
2023-08-14T17:30:00Z,15.536,30.54,8.04,498.0063042488721
2023-08-14T17:35:00Z,15.502,30.54,8.04,499.0852055144235
2023-08-14T17:40:00Z,15.463,30.55,8.04,499.2650223920154
2023-08-14T17:45:00Z,15.432,30.54,8.04,499.33694914305215
2023-08-14T17:50:00Z,15.401,30.52,8.03,499.2650223920154
2023-08-14T17:55:00Z,15.378,30.53,8.03,500.2719969065301
2023-08-14T18:00:00Z,15.348,30.53,8.03,502.1780558090043
2023-08-14T18:05:00Z,15.323,30.52,8.03,502.0342023069308
2023-08-14T18:10:00Z,15.288,30.54,8.02,503.2929204500741
2023-08-14T18:15:00Z,15.27,30.53,8.02,504.407785091144
2023-08-14T18:20:00Z,15.237,30.53,8.02,505.2709061035851
2023-08-14T18:25:00Z,15.211,30.53,8.02,506.0980637405079
2023-08-14T18:30:00Z,15.198,30.53,8.02,506.6015509977652
2023-08-14T18:35:00Z,15.163,30.54,8.01,507.141001630541
2023-08-14T18:40:00Z,15.145,30.54,8.01,509.58651116579097
2023-08-14T18:45:00Z,15.117,30.54,8.01,509.9821082964931
2023-08-14T18:50:00Z,15.092,30.55,8.01,510.8452293089343
2023-08-14T18:55:00Z,15.079,30.54,8,512.2478009541512
2023-08-14T19:00:00Z,15.054,30.53,8,514.0100063545518
2023-08-14T19:05:00Z,15.027,30.53,8,514.2257866076621
2023-08-14T19:10:00Z,15.016,30.53,8,515.0169808690665
2023-08-14T19:15:00Z,14.986,30.53,7.989999999999999,515.9520286325444
2023-08-14T19:20:00Z,14.965,30.53,7.989999999999999,517.1747834001694
2023-08-14T19:25:00Z,14.937,30.54,7.989999999999999,518.2177212902025
2023-08-14T19:30:00Z,14.919,30.53,7.9799999999999995,518.829098674015
2023-08-14T19:35:00Z,14.875,30.53,7.9799999999999995,520.77112095200755
2023-08-14T19:40:00Z,14.878,30.53,7.9799999999999995,522.2096559727429
2023-08-14T19:45:00Z,14.851,30.54,7.9799999999999995,521.9938757196326
2023-08-14T19:50:00Z,14.825,30.55,7.97,523.7201177445148
2023-08-14T19:55:00Z,14.807,30.55,7.97,525.6621400225074
2023-08-14T20:00:00Z,14.787,30.54,7.97,526.1296639042464
2023-08-14T20:05:00Z,14.766,30.53,7.97,527.2085651697979
2023-08-14T20:10:00Z,14.759,30.54,7.96,529.5461845784927
2023-08-14T20:15:00Z,14.739,30.53,7.96,529.3663677009008
2023-08-14T20:20:00Z,14.725,30.52,7.96,531.4882068564852
2023-08-14T20:25:00Z,14.711,30.53,7.96,531.5601336075221
2023-08-14T20:30:00Z,14.703,30.53,7.96,532.782888375147
2023-08-14T20:35:00Z,14.695,30.54,7.95,533.717936138625
2023-08-14T20:40:00Z,14.684,30.53,7.95,534.94069090625
2023-08-14T20:45:00Z,14.668,30.52,7.95,536.5590428045771
2023-08-14T20:50:00Z,14.656,30.53,7.95,536.5950061800954
2023-08-14T20:55:00Z,14.643,30.53,7.95,537.5660173190918
2023-08-14T21:00:00Z,14.626,30.53,7.94,539.9755634788233
2023-08-14T21:05:00Z,14.612,30.53,7.94,541.2342816219667
2023-08-14T21:10:00Z,14.605,30.53,7.94,542.4210730140733
2023-08-14T21:15:00Z,14.593,30.53,7.930000000000001,543.5719010306615
2023-08-14T21:20:00Z,14.577,30.53,7.930000000000001,544.1473150389556
2023-08-14T21:25:00Z,14.568,30.53,7.930000000000001,544.8306191738048
2023-08-14T21:30:00Z,14.561,30.53,7.930000000000001,546.9164949538709
2023-08-14T21:35:00Z,14.557,30.54,7.930000000000001,547.4559455866467
2023-08-14T21:40:00Z,14.554,30.53,7.930000000000001,550.1531987505252
2023-08-14T21:45:00Z,14.538,30.52,7.920000000000001,551.8434773998893
2023-08-14T21:50:00Z,14.535,30.51,7.920000000000001,552.4548547837016
2023-08-14T21:55:00Z,14.529,30.51,7.909999999999999,554.468803812731
2023-08-14T22:00:00Z,14.524,30.5,7.909999999999999,556.4467894662421
2023-08-14T22:05:00Z,14.518,30.49,7.909999999999999,557.2739471031648
2023-08-14T22:10:00Z,14.511,30.48,7.909999999999999,561.0501015325949
2023-08-14T22:15:00Z,14.511,30.48,7.8999999999999995,561.0860649081133
2023-08-14T22:20:00Z,14.501,30.47,7.8999999999999995,562.1649661736648
2023-08-14T22:25:00Z,14.499,30.47,7.8999999999999995,564.8622193375434
2023-08-14T22:30:00Z,14.49,30.46,7.8999999999999995,566.5884613624257
2023-08-14T22:35:00Z,14.483,30.45,7.89,566.4086444848338
2023-08-14T22:40:00Z,14.479,30.44,7.89,568.8541540200837
2023-08-14T22:45:00Z,14.467,30.43,7.89,571.0119565511866
2023-08-14T22:50:00Z,14.461,30.43,7.88,573.2776492088447
2023-08-14T22:55:00Z,14.456,30.42,7.88,574.9319644826902
2023-08-14T23:00:00Z,14.449,30.41,7.88,575.8670122461681
2023-08-14T23:05:00Z,14.441,30.41,7.88,577.2336205158666
2023-08-14T23:10:00Z,14.431,30.39,7.87,578.8160090386755
2023-08-14T23:15:00Z,14.425,30.39,7.87,579.3554596714512
2023-08-14T23:20:00Z,14.417,30.38,7.87,581.5492255780724
2023-08-14T23:25:00Z,14.405,30.38,7.87,583.491247856065
2023-08-14T23:30:00Z,14.384,30.37,7.86,585.3973067585392
2023-08-14T23:35:00Z,14.36,30.36,7.86,587.9147430448259
2023-08-14T23:40:00Z,14.356,30.36,7.86,589.6769484452266
2023-08-14T23:45:00Z,14.353,30.37,7.86,592.6978719887707
2023-08-14T23:50:00Z,14.33,30.36,7.8500000000000005,594.5679675157265
2023-08-14T23:55:00Z,14.314,30.34,7.8500000000000005,594.1004436339877
2023-08-15T00:00:00Z,14.3,30.35,7.8500000000000005,596.4020996671641
2023-08-15T00:05:00Z,14.29,30.35,7.8500000000000005,598.0564149410095
2023-08-15T00:10:00Z,14.273,30.35,7.84,600.6817413538513
2023-08-15T00:15:00Z,14.246,30.35,7.84,604.3500056567264
2023-08-15T00:20:00Z,14.216,30.34,7.83,605.7885406774616
2023-08-15T00:25:00Z,14.19,30.33,7.83,608.1261600861565
2023-08-15T00:30:00Z,14.164,30.33,7.82,611.5426807604026
2023-08-15T00:35:00Z,14.144,30.33,7.82,614.132043797726
2023-08-15T00:40:00Z,14.118,30.32,7.82,618.1239784802665
2023-08-15T00:45:00Z,14.09,30.32,7.8100000000000005,621.1808653993289
2023-08-15T00:50:00Z,14.062,30.29,7.8,622.1878399138436
2023-08-15T00:55:00Z,14.04,30.32,7.8,626.5753717270861
2023-08-15T01:00:00Z,14.012,30.31,7.8,628.7331742581889
2023-08-15T01:05:00Z,13.994,30.31,7.79,630.5673064096264
2023-08-15T01:10:00Z,13.971,30.31,7.79,633.1926328224683
2023-08-15T01:15:00Z,13.944,30.31,7.79,635.2425452270161
2023-08-15T01:20:00Z,13.924,30.3,7.78,638.2634687705602
2023-08-15T01:25:00Z,13.905,30.3,7.78,640.6730149302916
2023-08-15T01:30:00Z,13.88,30.29,7.7700000000000005,643.3702680941703
2023-08-15T01:35:00Z,13.861,30.29,7.7700000000000005,647.3262394011922
2023-08-15T01:40:00Z,13.848,30.29,7.7700000000000005,649.5200053078136
2023-08-15T01:45:00Z,13.821,30.29,7.76,653.2601963617252
2023-08-15T01:50:00Z,13.803,30.28,7.76,656.4969001583795
2023-08-15T01:55:00Z,13.777,30.28,7.76,656.6407536604531
2023-08-15T02:00:00Z,13.764,30.28,7.75,660.2011278367729
2023-08-15T02:05:00Z,13.741,30.28,7.75,663.8693921396477
2023-08-15T02:10:00Z,13.726,30.26,7.74,665.5596707890118
2023-08-15T02:15:00Z,13.709,30.27,7.74,669.0121548387763
2023-08-15T02:20:00Z,13.69,30.27,7.74,670.9182137412506
2023-08-15T02:25:00Z,13.674,30.25,7.74,674.0110640358314
2023-08-15T02:30:00Z,13.661,30.26,7.73,677.2837312080042
2023-08-15T02:35:00Z,13.648,30.26,7.73,677.6793283387062
2023-08-15T02:40:00Z,13.634,30.26,7.73,682.3186037805775
2023-08-15T02:45:00Z,13.615,30.25,7.72,684.4764063116804
2023-08-15T02:50:00Z,13.602,30.25,7.72,686.4903553407098
2023-08-15T02:55:00Z,13.587,30.26,7.72,688.0727438635186
2023-08-15T03:00:00Z,13.568,30.25,7.71,691.309447660173
2023-08-15T03:05:00Z,13.558,30.25,7.71,693.1795431871287
2023-08-15T03:10:00Z,13.544,30.24,7.71,695.7329428489338
2023-08-15T03:15:00Z,13.526,30.24,7.71,698.8617565190331
2023-08-15T03:20:00Z,13.513,30.24,7.7,701.2713026787645
2023-08-15T03:25:00Z,13.504,30.24,7.7,702.7817644505366
2023-08-15T03:30:00Z,13.491,30.23,7.7,705.1193838592314
2023-08-15T03:35:00Z,13.481,30.22,7.7,707.3850765168894
2023-08-15T03:40:00Z,13.464,30.22,7.69,710.4419634359518
2023-08-15T03:45:00Z,13.452,30.22,7.7,711.9883885832423
2023-08-15T03:50:00Z,13.442,30.21,7.7,712.8515095956834
2023-08-15T03:55:00Z,13.449,30.21,7.7,715.2250923798966
2023-08-15T04:00:00Z,13.452,30.21,7.7,715.7645430126724
2023-08-15T04:05:00Z,13.452,30.21,7.69,716.6636274006319
2023-08-15T04:10:00Z,13.452,30.21,7.69,719.9003311972863
2023-08-15T04:15:00Z,13.45,30.2,7.69,719.8643678217678
2023-08-15T04:20:00Z,13.446,30.2,7.69,720.7994155852458
2023-08-15T04:25:00Z,13.441,30.2,7.69,723.0291448673854
2023-08-15T04:30:00Z,13.437,30.19,7.68,723.3887786225691
2023-08-15T04:35:00Z,13.431,30.19,7.68,724.5755700146758
2023-08-15T04:40:00Z,13.431,30.18,7.68,726.5175922926685
2023-08-15T04:45:00Z,13.428,30.18,7.68,727.8122738113302
2023-08-15T04:50:00Z,13.429,30.18,7.68,729.4306257096573
2023-08-15T04:55:00Z,13.431,30.17,7.68,730.437600224172
2023-08-15T05:00:00Z,13.432,30.17,7.69,732.1998056245727
2023-08-15T05:05:00Z,13.434,30.17,7.68,733.1708167635691
2023-08-15T05:10:00Z,13.434,30.16,7.68,732.4515492532014
2023-08-15T05:15:00Z,13.437,30.16,7.68,731.8401718693889
2023-08-15T05:20:00Z,13.439,30.15,7.68,733.2787068901241
2023-08-15T05:25:00Z,13.441,30.15,7.68,733.3506336411609
2023-08-15T05:30:00Z,13.441,30.15,7.68,734.8970587884513
2023-08-15T05:35:00Z,13.448,30.14,7.68,734.1418279025654
2023-08-15T05:40:00Z,13.448,30.14,7.68,733.8181575228998
2023-08-15T05:45:00Z,13.451,30.14,7.68,734.8970587884513
2023-08-15T05:50:00Z,13.451,30.13,7.68,736.1917403071132
2023-08-15T05:55:00Z,13.453,30.13,7.68,736.6952275643704
2023-08-15T06:00:00Z,13.457,30.13,7.68,734.2497180291205
2023-08-15T06:05:00Z,13.461,30.12,7.68,732.9909998859771
2023-08-15T06:10:00Z,13.463,30.11,7.68,734.6812785353411
2023-08-15T06:15:00Z,13.466,30.11,7.68,733.8541208984183
2023-08-15T06:20:00Z,13.471,30.11,7.68,733.638340645308
2023-08-15T06:25:00Z,13.475,30.1,7.68,734.3576081556755
2023-08-15T06:30:00Z,13.478,30.1,7.68,734.9330221639698
2023-08-15T06:35:00Z,13.484,30.1,7.68,734.3935715311941
2023-08-15T06:40:00Z,13.491,30.09,7.68,732.1998056245727
2023-08-15T06:45:00Z,13.496,30.09,7.68,733.3865970166794
2023-08-15T06:50:00Z,13.504,30.08,7.69,732.7752196328668
2023-08-15T06:55:00Z,13.512,30.08,7.68,731.5524648652419
2023-08-15T07:00:00Z,13.522,30.08,7.69,728.3517244441059
2023-08-15T07:05:00Z,13.53,30.07,7.69,728.7473215748081
2023-08-15T07:10:00Z,13.539,30.07,7.69,727.9920906889222
2023-08-15T07:15:00Z,13.55,30.06,7.69,726.9131894233707
2023-08-15T07:20:00Z,13.561,30.06,7.69,726.3018120395582
2023-08-15T07:25:00Z,13.574,30.06,7.7,724.6115333901942
2023-08-15T07:30:00Z,13.586,30.05,7.7,724.3597897615655
2023-08-15T07:35:00Z,13.598,30.05,7.7,723.0291448673854
2023-08-15T07:40:00Z,13.615,30.04,7.7,721.1590493404296
2023-08-15T07:45:00Z,13.631,30.04,7.71,718.3539060499958
2023-08-15T07:50:00Z,13.649,30.04,7.71,716.48381052304
2023-08-15T07:55:00Z,13.676,30.03,7.71,713.4269236039776
2023-08-15T08:00:00Z,13.69,30.03,7.72,710.1542564318048
2023-08-15T08:05:00Z,13.725,30.03,7.72,707.061406137224
2023-08-15T08:10:00Z,13.732,30.01,7.72,703.6808488384961
2023-08-15T08:15:00Z,13.764,30.01,7.73,700.4441450418418
2023-08-15T08:20:00Z,13.781,30.02,7.73,699.9406577845846
2023-08-15T08:25:00Z,13.813,30.01,7.74,695.5171625958235
2023-08-15T08:30:00Z,13.829,30,7.74,693.6111036933494
2023-08-15T08:35:00Z,13.846,30,7.74,689.8709126394376
2023-08-15T08:40:00Z,13.883,29.99,7.75,687.4254031041877
2023-08-15T08:45:00Z,13.912,30,7.76,682.4264939071327
2023-08-15T08:50:00Z,13.963,30,7.76,681.9230066498753
2023-08-15T08:55:00Z,13.989,29.98,7.76,677.751255089743
2023-08-15T09:00:00Z,14.066,29.96,7.7700000000000005,675.3057455544931
2023-08-15T09:05:00Z,14.097,29.97,7.78,671.81729812921
2023-08-15T09:10:00Z,14.127,29.98,7.78,668.6525210835925
2023-08-15T09:15:00Z,14.16,29.97,7.79,667.285912813894
2023-08-15T09:20:00Z,14.178,29.97,7.79,663.329941506872
2023-08-15T09:25:00Z,14.159,29.98,7.79,663.3659048823904
2023-08-15T09:30:00Z,14.202,29.96,7.8,659.6616772039971
2023-08-15T09:35:00Z,14.232,30,7.8,656.532863533898
2023-08-15T09:40:00Z,14.339,30,7.8100000000000005,652.6488189779127
2023-08-15T09:45:00Z,14.365,29.99,7.8100000000000005,649.9875291895526
2023-08-15T09:50:00Z,14.428,29.98,7.82,645.7798142539018
2023-08-15T09:55:00Z,14.447,29.95,7.83,642.866780836913
2023-08-15T10:00:00Z,14.454,29.99,7.83,636.2495197415308
2023-08-15T10:05:00Z,14.503,29.95,7.84,633.0128159448764
2023-08-15T10:10:00Z,14.576,29.94,7.8500000000000005,630.4953796585896
2023-08-15T10:15:00Z,14.591,29.93,7.8500000000000005,627.6542729926375
2023-08-15T10:20:00Z,14.647,29.94,7.86,623.6623383100972
2023-08-15T10:25:00Z,14.712,29.96,7.87,621.936096285215
2023-08-15T10:30:00Z,14.725,29.95,7.87,618.555538986487
2023-08-15T10:35:00Z,14.761,29.93,7.86,614.9592014346489
2023-08-15T10:40:00Z,14.79,29.93,7.88,611.6146075114393
2023-08-15T10:45:00Z,14.881,29.95,7.89,606.2201011836821
2023-08-15T10:50:00Z,14.948,29.9,7.8999999999999995,603.4868846442852
2023-08-15T10:55:00Z,15.001,29.95,7.8999999999999995,600.0344005945205
2023-08-15T11:00:00Z,15.192,29.83,7.909999999999999,597.1573305530501
2023-08-15T11:05:00Z,15.314,29.86,7.909999999999999,595.5030152792044
2023-08-15T11:10:00Z,15.216,29.85,7.909999999999999,591.2593369680354
2023-08-15T11:15:00Z,15.124,29.9,7.920000000000001,588.5620838041568
2023-08-15T11:20:00Z,15.209,29.95,7.930000000000001,587.0156586568664
2023-08-15T11:25:00Z,15.308,29.96,7.94,584.0666618643592
2023-08-15T11:30:00Z,15.356,30.03,7.94,580.3264708104474
2023-08-15T11:35:00Z,15.247,29.9,7.930000000000001,577.9888514017526
2023-08-15T11:40:00Z,15.282,29.86,7.95,576.2266460013519
2023-08-15T11:45:00Z,15.342,29.91,7.95,573.4215027109182
2023-08-15T11:50:00Z,15.366,29.88,7.96,570.2567256653006
2023-08-15T11:55:00Z,15.48,29.85,7.97,568.8181906445653
2023-08-15T12:00:00Z,15.523,29.86,7.97,566.4446078603521
2023-08-15T12:05:00Z,15.613,29.84,7.9799999999999995,564.8622193375434
2023-08-15T12:10:00Z,15.621,29.82,7.9799999999999995,563.1000139371426
2023-08-15T12:15:00Z,15.639,29.84,7.989999999999999,562.5965266798853
2023-08-15T12:20:00Z,15.625,29.78,7.989999999999999,559.6834932628964
2023-08-15T12:25:00Z,15.604,29.8,7.989999999999999,558.0651413645692
2023-08-15T12:30:00Z,15.711,29.77,7.989999999999999,556.0511923355399
2023-08-15T12:35:00Z,15.679,29.82,7.97,554.7924741923965
2023-08-15T12:40:00Z,15.743,29.78,7.989999999999999,553.2460490451061
2023-08-15T12:45:00Z,15.783,29.78,7.989999999999999,551.7355872733341
2023-08-15T12:50:00Z,15.761,29.79,7.989999999999999,551.0522831384849
2023-08-15T12:55:00Z,15.717,29.83,8,550.7645761343379
2023-08-15T13:00:00Z,15.72,29.79,8,549.6137481177495
2023-08-15T13:05:00Z,15.739,29.86,8,547.7796159663121
2023-08-15T13:10:00Z,15.734,29.8,8.01,546.9884217049078
2023-08-15T13:15:00Z,15.759,29.87,8.01,545.1902529289887
2023-08-15T13:20:00Z,15.775,29.84,8.01,543.4999742796247
2023-08-15T13:25:00Z,15.801,29.77,8.01,541.9175857568159
2023-08-15T13:30:00Z,15.83,29.76,8.02,541.2702449974851
2023-08-15T13:35:00Z,15.836,29.81,8,541.3062083730034
2023-08-15T13:40:00Z,15.925,29.84,8.01,539.9755634788233
2023-08-15T13:45:00Z,15.906,29.78,8.02,537.7458341966836
2023-08-15T13:50:00Z,15.935,29.82,8.02,536.8467498087241
2023-08-15T13:55:00Z,16.001,29.82,8.02,537.0265666863161
2023-08-15T14:00:00Z,15.964,29.8,8.02,535.3003246614337
2023-08-15T14:05:00Z,15.999,29.78,8.03,533.9696797672536
2023-08-15T14:10:00Z,15.971,29.78,8.03,533.3942657589595
2023-08-15T14:15:00Z,15.99,29.75,8.03,533.3942657589595
2023-08-15T14:20:00Z,15.978,29.78,8.03,532.9627052527389
2023-08-15T14:25:00Z,15.976,29.74,8.04,530.3014154643787
2023-08-15T14:30:00Z,15.958,29.8,8.04,530.9127928481912
2023-08-15T14:35:00Z,15.94,29.83,8.02,529.5821479540111
2023-08-15T14:40:00Z,16.009,29.84,8.04,529.5461845784927
2023-08-15T14:45:00Z,16.056,29.8,8.049999999999999,528.5032466884596
2023-08-15T14:50:00Z,16.005,29.79,8.049999999999999,526.4173709083934
2023-08-15T14:55:00Z,16.052,29.78,8.069999999999999,526.0577371532097
2023-08-15T15:00:00Z,16,29.79,8.08,524.6911288835112
2023-08-15T15:05:00Z,16.032,29.78,8.09,524.4393852548825
2023-08-15T15:10:00Z,15.963,29.81,8.11,524.9069091366215
2023-08-15T15:15:00Z,15.958,29.82,8.08,524.763055634548
2023-08-15T15:20:00Z,15.93,29.83,8.049999999999999,523.3245206138126
2023-08-15T15:25:00Z,15.905,29.84,8.04,522.1017658461876
2023-08-15T15:30:00Z,15.899,29.83,8.03,521.6342419644487
2023-08-15T15:35:00Z,15.881,29.85,8.03,521.7061687154855
2023-08-15T15:40:00Z,15.917,29.86,8.03,521.6702053399672
2023-08-15T15:45:00Z,15.909,29.89,8.04,520.7351575764892
2023-08-15T15:50:00Z,15.922,29.88,8.03,520.3755238213054
2023-08-15T15:55:00Z,15.923,29.89,8.03,519.2246958047172
2023-08-15T16:00:00Z,15.917,29.9,8.04,519.0089155516068
2023-08-15T16:05:00Z,15.894,29.9,8.04,518.6133184209048
2023-08-15T16:10:00Z,15.916,29.86,8.04,517.9659776615738
2023-08-15T16:15:00Z,15.891,29.88,8.04,518.1098311636473
2023-08-15T16:20:00Z,15.895,29.88,8.04,518.1817579146841
2023-08-15T16:25:00Z,15.893,29.87,8.049999999999999,517.1747834001694
2023-08-15T16:30:00Z,15.903,29.88,8.04,516.9949665225776
2023-08-15T16:35:00Z,15.869,29.95,8.03,516.3476257632467
2023-08-15T16:40:00Z,15.987,29.89,8.049999999999999,516.5993693918754
2023-08-15T16:45:00Z,15.972,29.88,8.059999999999999,516.2397356366915
2023-08-15T16:50:00Z,15.963,29.87,8.069999999999999,516.2037722611731
2023-08-15T16:55:00Z,15.962,29.87,8.069999999999999,515.7362483794342
2023-08-15T17:00:00Z,15.92,29.86,8.069999999999999,515.16083437114
2023-08-15T17:05:00Z,15.911,29.88,8.059999999999999,514.405603485254
2023-08-15T17:10:00Z,15.936,29.87,8.069999999999999,514.4415668607725
2023-08-15T17:15:00Z,15.863,29.9,8.04,514.873127366993
2023-08-15T17:20:00Z,15.816,29.91,8.03,514.8012006159563
2023-08-15T17:25:00Z,15.769,29.92,8.03,513.7222993504048
2023-08-15T17:30:00Z,15.743,29.9,8.02,513.9740429790335
2023-08-15T17:35:00Z,15.712,29.92,8.02,515.2687244976952
2023-08-15T17:40:00Z,15.694,29.92,8.02,515.16083437114
2023-08-15T17:45:00Z,15.66,29.92,8.02,515.2687244976952
2023-08-15T17:50:00Z,15.633,29.93,8.02,515.4125779997687
2023-08-15T17:55:00Z,15.62,29.95,8.02,516.3116623877282
2023-08-15T18:00:00Z,15.604,29.95,8.01,516.5993693918754
2023-08-15T18:05:00Z,15.58,29.96,8.01,516.3476257632467
2023-08-15T18:10:00Z,15.574,29.97,8.01,516.2756990122099
2023-08-15T18:15:00Z,15.57,29.98,8.01,516.9949665225776
2023-08-15T18:20:00Z,15.546,29.98,8.01,516.8151496449857
2023-08-15T18:25:00Z,15.536,29.99,8.01,518.1457945391658
2023-08-15T18:30:00Z,15.515,29.99,8.01,518.541391669868
2023-08-15T18:35:00Z,15.484,29.93,8.01,518.7571719229782
2023-08-15T18:40:00Z,15.461,29.93,8,519.2246958047172
2023-08-15T18:45:00Z,15.45,29.92,8,521.094791331673
2023-08-15T18:50:00Z,15.43,29.92,8,521.7421320910039
2023-08-15T18:55:00Z,15.408,29.94,8,522.5333263524083
2023-08-15T19:00:00Z,15.385,29.94,8,523.1447037362208
2023-08-15T19:05:00Z,15.363,29.94,7.989999999999999,524.7990190100663
2023-08-15T19:10:00Z,15.341,29.95,7.989999999999999,525.2305795162869
2023-08-15T19:15:00Z,15.33,29.95,7.989999999999999,525.6981033980259
2023-08-15T19:20:00Z,15.298,29.94,7.989999999999999,527.4962721739449
2023-08-15T19:25:00Z,15.281,29.95,7.9799999999999995,527.7839791780921
2023-08-15T19:30:00Z,15.261,29.95,7.9799999999999995,528.9348071946802
2023-08-15T19:35:00Z,15.235,29.93,7.9799999999999995,529.5821479540111
2023-08-15T19:40:00Z,15.216,29.94,7.9799999999999995,530.4093055909339
2023-08-15T19:45:00Z,15.189,29.93,7.97,531.6680237340772
2023-08-15T19:50:00Z,15.183,29.94,7.97,532.5311447465183
2023-08-15T19:55:00Z,15.156,29.94,7.97,533.1784855058493
2023-08-15T20:00:00Z,15.135,29.94,7.97,533.3223390079228
2023-08-15T20:05:00Z,15.126,29.94,7.97,534.3293135224374
2023-08-15T20:10:00Z,15.104,29.95,7.96,535.7678485431727
2023-08-15T20:15:00Z,15.082,29.95,7.96,536.738859682169
2023-08-15T20:20:00Z,15.072,29.95,7.96,539.472076221566
2023-08-15T20:25:00Z,15.06,29.95,7.95,540.2992338584887
2023-08-15T20:30:00Z,15.041,29.95,7.95,541.8816223812976
2023-08-15T20:35:00Z,15.031,29.95,7.95,541.1983182464483
2023-08-15T20:40:00Z,15.023,29.95,7.95,543.428047528588
2023-08-15T20:45:00Z,15.012,29.96,7.95,544.650802296213
2023-08-15T20:50:00Z,15,29.95,7.94,545.7656669372827
2023-08-15T20:55:00Z,14.994,29.95,7.94,547.3480554600916
2023-08-15T21:00:00Z,14.983,29.95,7.94,548.6067736032348
2023-08-15T21:05:00Z,14.973,29.95,7.94,549.0742974849738
2023-08-15T21:10:00Z,14.955,29.95,7.94,550.2610888770805
2023-08-15T21:15:00Z,14.948,29.95,7.94,551.3040267671136
2023-08-15T21:20:00Z,14.938,29.94,7.930000000000001,552.1671477795546
2023-08-15T21:25:00Z,14.927,29.95,7.930000000000001,554.0012799309922
2023-08-15T21:30:00Z,14.921,29.95,7.930000000000001,555.4398149517274
2023-08-15T21:35:00Z,14.908,29.95,7.930000000000001,556.2669725886501
2023-08-15T21:40:00Z,14.896,29.95,7.920000000000001,557.7055076093854
2023-08-15T21:45:00Z,14.891,29.95,7.920000000000001,558.4247751197531
2023-08-15T21:50:00Z,14.885,29.95,7.920000000000001,560.402760773264
2023-08-15T21:55:00Z,14.87,29.94,7.920000000000001,562.6324900554037
2023-08-15T22:00:00Z,14.863,29.95,7.909999999999999,564.3227687047677
2023-08-15T22:05:00Z,14.852,29.94,7.909999999999999,565.8332304765397
2023-08-15T22:10:00Z,14.842,29.95,7.909999999999999,564.6104757089147
2023-08-15T22:15:00Z,14.83,29.95,7.909999999999999,565.8332304765397
2023-08-15T22:20:00Z,14.82,29.94,7.8999999999999995,567.1279119952014
2023-08-15T22:25:00Z,14.812,29.94,7.8999999999999995,567.9550696321242
2023-08-15T22:30:00Z,14.795,29.94,7.8999999999999995,569.1058976487124
2023-08-15T22:35:00Z,14.785,29.94,7.8999999999999995,570.4365425428925
2023-08-15T22:40:00Z,14.775,29.94,7.89,571.9829676901829
2023-08-15T22:45:00Z,14.766,29.95,7.89,573.7451730905836
2023-08-15T22:50:00Z,14.758,29.94,7.89,575.7231587440946
2023-08-15T22:55:00Z,14.747,29.94,7.89,578.8879357897122
2023-08-15T23:00:00Z,14.739,29.94,7.88,578.9958259162673
2023-08-15T23:05:00Z,14.733,29.94,7.88,579.7510568021534
2023-08-15T23:10:00Z,14.725,29.96,7.88,582.3044564639583
2023-08-15T23:15:00Z,14.711,29.96,7.88,583.3114309784731
2023-08-15T23:20:00Z,14.706,29.96,7.87,584.3184054929877
2023-08-15T23:25:00Z,14.694,29.96,7.87,586.5481347751274
2023-08-15T23:30:00Z,14.683,29.94,7.87,587.447219163087
2023-08-15T23:35:00Z,14.669,29.94,7.87,589.3173146900428
2023-08-15T23:40:00Z,14.66,29.94,7.86,590.8637398373332
2023-08-15T23:45:00Z,14.654,29.94,7.86,592.7697987398074
2023-08-15T23:50:00Z,14.641,29.94,7.86,593.6329197522487
2023-08-15T23:55:00Z,14.631,29.94,7.8500000000000005,594.1723703850244
2023-08-16T00:00:00Z,14.624,29.94,7.8500000000000005,596.4380630426824
2023-08-16T00:05:00Z,14.616,29.94,7.8500000000000005,597.7687079368625
2023-08-16T00:10:00Z,14.602,29.94,7.8500000000000005,599.56687671278155
2023-08-16T00:15:00Z,14.588,29.93,7.8500000000000005,601.5808257418109
2023-08-16T00:20:00Z,14.576,29.93,7.84,602.5518368808073
2023-08-16T00:25:00Z,14.552,29.93,7.84,604.421932407763
2023-08-16T00:30:00Z,14.53,29.93,7.84,606.9034053185314
2023-08-16T00:35:00Z,14.512,29.94,7.83,607.8384530820093
2023-08-16T00:40:00Z,14.498,29.93,7.83,610.6795597479615
2023-08-16T00:45:00Z,14.463,29.93,7.82,614.5636043039467
2023-08-16T00:50:00Z,14.445,29.93,7.82,614.7074578060201
2023-08-16T00:55:00Z,14.419,29.94,7.82,618.6634291130422
2023-08-16T01:00:00Z,14.382,29.95,7.8100000000000005,620.2817810113693
2023-08-16T01:05:00Z,14.359,29.95,7.8100000000000005,623.266741179395
2023-08-16T01:10:00Z,14.34,29.95,7.8,625.7122507146449
2023-08-16T01:15:00Z,14.307,29.96,7.8,628.0139067478214
2023-08-16T01:20:00Z,14.285,29.94,7.8,630.3874895320346
2023-08-16T01:25:00Z,14.261,29.96,7.79,632.1856583079536
2023-08-16T01:30:00Z,14.246,29.95,7.79,634.8829114718322
2023-08-16T01:35:00Z,14.219,29.97,7.79,637.8678716398579
2023-08-16T01:40:00Z,14.197,29.97,7.78,640.2774177995896
2023-08-16T01:45:00Z,14.172,29.97,7.78,643.2983413431335
2023-08-16T01:50:00Z,14.156,29.97,7.78,645.4201804987181
2023-08-16T01:55:00Z,14.127,29.98,7.7700000000000005,649.1603715526297
2023-08-16T02:00:00Z,14.107,29.97,7.7700000000000005,650.7067966999201
2023-08-16T02:05:00Z,14.082,29.97,7.76,654.087353998648
2023-08-16T02:10:00Z,14.066,29.98,7.76,657.0723141666737
2023-08-16T02:15:00Z,14.042,29.98,7.76,658.3669956853354
2023-08-16T02:20:00Z,14.026,29.98,7.75,660.5247982164383
2023-08-16T02:25:00Z,14.008,29.96,7.75,664.4448061479419
2023-08-16T02:30:00Z,13.991,30,7.75,666.8903156831918
2023-08-16T02:35:00Z,13.97,29.99,7.75,668.1849972018535
2023-08-16T02:40:00Z,13.953,29.99,7.74,670.3787631084749
2023-08-16T02:45:00Z,13.934,29.99,7.74,673.2917965254637
2023-08-16T02:50:00Z,13.916,29.99,7.74,676.3846468200445
2023-08-16T02:55:00Z,13.891,30,7.73,678.6863028532209
2023-08-16T03:00:00Z,13.874,30,7.73,680.2686913760298
2023-08-16T03:05:00Z,13.855,30,7.73,682.8940177888717
2023-08-16T03:10:00Z,13.84,30,7.72,685.2676005730848
2023-08-16T03:15:00Z,13.815,30,7.72,688.5762311207759
2023-08-16T03:20:00Z,13.799,30,7.72,691.59715466432
2023-08-16T03:25:00Z,13.777,30,7.71,694.0426641995699
2023-08-16T03:30:00Z,13.761,30.01,7.71,697.2074412451875
2023-08-16T03:35:00Z,13.741,30.01,7.71,698.8257931435146
2023-08-16T03:40:00Z,13.727,30,7.7,701.307266054283
2023-08-16T03:45:00Z,13.708,30.01,7.7,704.2562628467903
2023-08-16T03:50:00Z,13.693,30.01,7.7,706.8096625085954
2023-08-16T03:55:00Z,13.678,30,7.7,708.4999411579593
2023-08-16T04:00:00Z,13.666,30.01,7.69,710.4060000604335
2023-08-16T04:05:00Z,13.656,30,7.69,713.1392165998304
2023-08-16T04:10:00Z,13.635,30.01,7.69,716.0882133923378
2023-08-16T04:15:00Z,13.623,30.02,7.69,718.4977595520693
2023-08-16T04:20:00Z,13.608,30,7.68,720.439781830062
2023-08-16T04:25:00Z,13.593,30.01,7.68,721.4467563445767
2023-08-16T04:30:00Z,13.577,30,7.68,723.6405222511979
2023-08-16T04:35:00Z,13.568,30.02,7.68,726.3377754150765
2023-08-16T04:40:00Z,13.553,30.02,7.68,729.214845456547
2023-08-16T04:45:00Z,13.542,30.02,7.67,731.1209043590213
2023-08-16T04:50:00Z,13.528,30.02,7.67,732.3796225021646
2023-08-16T04:55:00Z,13.516,30.02,7.67,734.7891686618962
2023-08-16T05:00:00Z,13.505,30.03,7.66,737.7741288299219
2023-08-16T05:05:00Z,13.489,30.02,7.66,738.5653230913263
2023-08-16T05:10:00Z,13.478,30.04,7.66,740.2196383651718
2023-08-16T05:15:00Z,13.466,30,7.66,742.9528549045688
2023-08-16T05:20:00Z,13.456,30.01,7.66,745.9018516970762
2023-08-16T05:25:00Z,13.44,30.02,7.65,749.4981892489143
2023-08-16T05:30:00Z,13.442,30.02,7.65,749.7858962530613
2023-08-16T05:35:00Z,13.434,30.02,7.65,751.5121382779437
2023-08-16T05:40:00Z,13.436,30.02,7.65,751.1525045227597
2023-08-16T05:45:00Z,13.433,30.02,7.65,753.6339774335281
2023-08-16T05:50:00Z,13.43,30.01,7.65,754.0295745642303
2023-08-16T05:55:00Z,13.421,30.01,7.65,753.7059041845649
2023-08-16T06:00:00Z,13.415,30.01,7.65,754.7128786990795
2023-08-16T06:05:00Z,13.424,30.03,7.65,755.9356334667045
2023-08-16T06:10:00Z,13.425,30.01,7.65,757.0504981077744
2023-08-16T06:15:00Z,13.427,30.02,7.64,759.2083006388773
2023-08-16T06:20:00Z,13.428,30.01,7.65,761.1503229168698
2023-08-16T06:25:00Z,13.424,30,7.64,762.3371143089764
2023-08-16T06:30:00Z,13.422,30,7.65,763.3081254479728
2023-08-16T06:35:00Z,13.429,30,7.65,762.8765649417522
2023-08-16T06:40:00Z,13.436,30,7.65,764.4949168400794
2023-08-16T06:45:00Z,13.443,30,7.65,763.7756493297118
2023-08-16T06:50:00Z,13.439,30,7.65,763.9554662073037
2023-08-16T06:55:00Z,13.449,29.99,7.65,764.2791365869691
2023-08-16T07:00:00Z,13.461,30,7.65,764.458953464561
2023-08-16T07:05:00Z,13.476,29.99,7.65,761.6178467986089
2023-08-16T07:10:00Z,13.491,29.99,7.66,760.4310554065022
2023-08-16T07:15:00Z,13.5,30,7.66,757.9136191202156
2023-08-16T07:20:00Z,13.514,29.99,7.66,756.4750840994802
2023-08-16T07:25:00Z,13.526,29.98,7.66,755.8637067156678
2023-08-16T07:30:00Z,13.543,29.99,7.66,753.7059041845649
2023-08-16T07:35:00Z,13.549,29.99,7.67,751.7998452820907
2023-08-16T07:40:00Z,13.577,29.99,7.67,749.2464456202856
2023-08-16T07:45:00Z,13.592,29.98,7.68,747.2684599667746
2023-08-16T07:50:00Z,13.618,29.99,7.68,744.4992800518592
2023-08-16T07:55:00Z,13.639,29.98,7.68,740.435418618282
2023-08-16T08:00:00Z,13.664,29.98,7.69,737.2346781971461
2023-08-16T08:05:00Z,13.687,29.98,7.69,733.4944871432344
2023-08-16T08:10:00Z,13.703,29.97,7.69,731.8042084938705
2023-08-16T08:15:00Z,13.727,29.97,7.7,728.8911750768816
2023-08-16T08:20:00Z,13.751,29.96,7.7,724.0361193819001
2023-08-16T08:25:00Z,13.772,29.96,7.7,723.2808884960141
2023-08-16T08:30:00Z,13.788,29.97,7.71,721.2669394669847
2023-08-16T08:35:00Z,13.806,29.97,7.71,718.0661990458487
2023-08-16T08:40:00Z,13.84,29.97,7.72,713.9663742367534
2023-08-16T08:45:00Z,13.871,29.97,7.73,711.3410478239114
2023-08-16T08:50:00Z,13.903,29.98,7.73,707.7087468965549
2023-08-16T08:55:00Z,13.958,29.96,7.74,705.3351641123418
2023-08-16T09:00:00Z,13.957,29.96,7.74,701.6668998094668
2023-08-16T09:05:00Z,13.993,29.96,7.74,700.372218290805
2023-08-16T09:10:00Z,14.035,29.97,7.75,695.7689062244522
2023-08-16T09:15:00Z,14.084,29.97,7.75,693.0356896850552
2023-08-16T09:20:00Z,14.094,29.97,7.75,687.8929269859266
2023-08-16T09:25:00Z,14.128,29.97,7.76,685.8789779568972
2023-08-16T09:30:00Z,14.159,29.97,7.7700000000000005,683.8290655523496
2023-08-16T09:35:00Z,14.189,29.96,7.7700000000000005,680.8441053843238
2023-08-16T09:40:00Z,14.229,29.93,7.7700000000000005,678.1108888449269
2023-08-16T09:45:00Z,14.281,29.97,7.78,674.5505146686071
2023-08-16T09:50:00Z,14.318,29.94,7.79,670.5226166105483
2023-08-16T09:55:00Z,14.348,29.93,7.79,668.2209605773719
2023-08-16T10:00:00Z,14.39,29.91,7.8,662.6826007475412
2023-08-16T10:05:00Z,14.431,29.95,7.8,661.7475529840633
2023-08-16T10:10:00Z,14.475,29.93,7.8100000000000005,658.3669956853354
2023-08-16T10:15:00Z,14.505,29.94,7.8100000000000005,655.7057058969751
2023-08-16T10:20:00Z,14.565,29.93,7.82,652.7926724799863
2023-08-16T10:25:00Z,14.598,29.93,7.82,648.9445912995195
2023-08-16T10:30:00Z,14.626,29.94,7.83,644.6289862373137
2023-08-16T10:35:00Z,14.652,29.94,7.82,641.8598063223983
2023-08-16T10:40:00Z,14.701,29.93,7.84,638.8029194033359
2023-08-16T10:45:00Z,14.767,29.93,7.84,635.7460324842734
2023-08-16T10:50:00Z,14.806,29.94,7.8500000000000005,632.9049258183213
2023-08-16T10:55:00Z,14.857,29.94,7.8500000000000005,629.3805150175199
2023-08-16T11:00:00Z,14.898,29.93,7.86,625.5683972125714
2023-08-16T11:05:00Z,14.965,29.94,7.87,622.9071074242112
2023-08-16T11:10:00Z,15.013,29.94,7.87,620.7493048931083
2023-08-16T11:15:00Z,15.061,29.93,7.87,616.5775533329761
2023-08-16T11:20:00Z,15.09,29.94,7.88,613.5206664139137
2023-08-16T11:25:00Z,15.138,29.94,7.89,611.4707540093659
2023-08-16T11:30:00Z,15.223,29.94,7.8999999999999995,608.9173543475607
2023-08-16T11:35:00Z,15.249,29.94,7.89,605.3210167957226
2023-08-16T11:40:00Z,15.373,29.93,7.8999999999999995,602.0123862480316
2023-08-16T11:45:00Z,15.523,29.9,7.909999999999999,599.135316206561
2023-08-16T11:50:00Z,15.51,29.89,7.909999999999999,597.5169643082338
2023-08-16T11:55:00Z,15.557,29.9,7.920000000000001,594.9276012709104
2023-08-16T12:00:00Z,15.573,29.89,7.930000000000001,590.7558497107781
2023-08-16T12:05:00Z,15.622,29.92,7.930000000000001,587.6629994161973
2023-08-16T12:10:00Z,15.637,29.91,7.920000000000001,584.4982223705797
2023-08-16T12:15:00Z,15.607,29.9,7.95,581.0817016963334
2023-08-16T12:20:00Z,15.651,29.93,7.96,579.6072033000798
2023-08-16T12:25:00Z,15.722,29.91,7.94,577.269583891385
2023-08-16T12:30:00Z,15.649,29.91,7.97,574.7881109806167
2023-08-16T12:35:00Z,15.705,29.94,7.95,570.0409454121904
2023-08-16T12:40:00Z,15.704,29.94,7.97,569.357641277341
2023-08-16T12:45:00Z,15.72,29.93,7.97,567.7752527545323
2023-08-16T12:50:00Z,15.719,29.92,7.97,564.178915202694
2023-08-16T12:55:00Z,15.722,29.94,7.9799999999999995,563.0640505616243
2023-08-16T13:00:00Z,15.74,29.94,7.9799999999999995,561.5535887898523
2023-08-16T13:05:00Z,15.733,29.94,7.9799999999999995,559.5036763853045
2023-08-16T13:10:00Z,15.783,29.97,7.9799999999999995,558.4607384952715
2023-08-16T13:15:00Z,15.786,29.94,7.9799999999999995,555.0801811965435
2023-08-16T13:20:00Z,15.786,29.93,7.9799999999999995,552.9943054164775
2023-08-16T13:25:00Z,15.798,29.96,7.989999999999999,552.0592576529996
2023-08-16T13:30:00Z,15.803,29.94,7.989999999999999,550.2610888770805
2023-08-16T13:35:00Z,15.803,29.97,7.9799999999999995,548.894480607382
2023-08-16T13:40:00Z,15.865,29.97,8,547.4199822111283
2023-08-16T13:45:00Z,15.884,29.99,7.989999999999999,545.4779599331357
2023-08-16T13:50:00Z,15.913,30.01,8.01,543.6438277816983
2023-08-16T13:55:00Z,15.936,29.99,8.01,541.1623548709299
2023-08-16T14:00:00Z,15.961,29.99,8.01,538.1054679518675
2023-08-16T14:05:00Z,15.998,29.95,8.02,537.4940905680551
2023-08-16T14:10:00Z,16.11,29.98,8.01,536.1994090493932
2023-08-16T14:15:00Z,16.05,29.97,8.02,535.1205077838418
2023-08-16T14:20:00Z,16.068,29.97,8.02,532.7109616241103
2023-08-16T14:25:00Z,16.072,29.97,8.02,532.6030714975551
2023-08-16T14:30:00Z,16.061,29.97,8.03,530.9127928481912
2023-08-16T14:35:00Z,16.089,30,8.02,529.761964831603
2023-08-16T14:40:00Z,16.141,30,8.02,528.1076495577574
2023-08-16T14:45:00Z,16.164,30.02,8.03,528.0357228067206
2023-08-16T14:50:00Z,16.172,30,8.04,526.4892976594302
2023-08-16T14:55:00Z,16.21,30,8.069999999999999,526.0577371532097
2023-08-16T15:00:00Z,16.217,30.01,8.1,523.5043374914046
2023-08-16T15:05:00Z,16.205,29.98,8.1,522.8210333565553
2023-08-16T15:10:00Z,16.188,30.01,8.11,522.7131432300002
2023-08-16T15:15:00Z,16.181,29.99,8.049999999999999,522.2456193482612
2023-08-16T15:20:00Z,16.2,29.98,8.069999999999999,522.0298390951509
2023-08-16T15:25:00Z,16.187,30.01,8.09,520.77112095200755
2023-08-16T15:30:00Z,16.188,30.04,8.049999999999999,518.8650620495333
2023-08-16T15:35:00Z,16.192,30.04,8.03,518.0019410370921
2023-08-16T15:40:00Z,16.212,30.05,8.04,517.9420020778949
2023-08-16T15:40:00Z,16.212,30.05,8.04,518.7212085474598
2023-08-16T15:45:00Z,16.192,30.02,8.04,517.6782706574268
2023-08-16T15:50:00Z,16.187,30.03,8.04,516.7072595184304
2023-08-16T15:55:00Z,16.203,30.04,8.049999999999999,515.2327611221768
2023-08-16T16:00:00Z,16.197,30.03,8.049999999999999,514.4775302362908
2023-08-16T16:05:00Z,16.206,30.03,8.049999999999999,513.7222993504048
2023-08-16T16:10:00Z,16.217,30.04,8.049999999999999,511.8522038234489
2023-08-16T16:15:00Z,16.206,30.04,8.049999999999999,511.06100956204455
2023-08-16T16:20:00Z,16.204,30.04,8.049999999999999,512.1399108275959
2023-08-16T16:25:00Z,16.215,30.05,8.059999999999999,511.0250461865262
2023-08-16T16:30:00Z,16.214,30.03,8.059999999999999,510.5215589292689
2023-08-16T16:35:00Z,16.211,30.08,8.049999999999999,509.874218169938
2023-08-16T16:40:00Z,16.258,30.05,8.059999999999999,509.0470605330152
2023-08-16T16:45:00Z,16.26,30.03,8.069999999999999,508.75935352886813
2023-08-16T16:50:00Z,16.273,30.04,8.069999999999999,507.78834238987184
2023-08-16T16:55:00Z,16.286,30.06,8.069999999999999,507.0690748795042
2023-08-16T17:00:00Z,16.245,30.06,8.08,506.42173412017337
2023-08-16T17:05:00Z,16.248,30.03,8.08,506.8892580019123
2023-08-16T17:10:00Z,16.221,30.04,8.059999999999999,506.96118475294907
2023-08-16T17:15:00Z,16.156,30.08,8.04,506.9252213774307
2023-08-16T17:20:00Z,16.132,30.05,8.049999999999999,506.8173312508755
2023-08-16T17:25:00Z,16.098,30.07,8.04,506.49366087121007
2023-08-16T17:30:00Z,16.055,30.06,8.04,506.6375143732836
2023-08-16T17:35:00Z,16.007,30.08,8.04,506.8173312508755
2023-08-16T17:40:00Z,15.98,30.09,8.03,508.3997197736843
2023-08-16T17:45:00Z,15.96,30.08,8.03,508.2558662716108
2023-08-16T17:50:00Z,15.921,30.09,8.03,509.33476753716224
2023-08-16T17:55:00Z,15.891,30.09,8.03,510.4855955537505
2023-08-16T18:00:00Z,15.847,30.09,8.02,511.0250461865262
2023-08-16T18:05:00Z,15.823,30.11,8.02,511.8522038234489
2023-08-16T18:10:00Z,15.806,30.09,8.02,512.1039474520776
2023-08-16T18:15:00Z,15.794,30.1,8.02,513.0749585910739
2023-08-16T18:20:00Z,15.765,30.11,8.02,514.585420362846
2023-08-16T18:25:00Z,15.744,30.09,8.01,514.4415668607725
2023-08-16T18:30:00Z,15.721,30.1,8.01,514.9090907425114
2023-08-16T18:35:00Z,15.686,30.08,8.01,515.9520286325444
2023-08-16T18:40:00Z,15.675,30.1,8.01,515.5923948773607
2023-08-16T18:45:00Z,15.663,30.1,8.01,516.9590031470591
2023-08-16T18:50:00Z,15.63,30.11,8,518.4335015433128
2023-08-16T18:55:00Z,15.62,30.11,8,518.4335015433128
2023-08-16T19:00:00Z,15.606,30.11,8,520.3035970702686
2023-08-16T19:05:00Z,15.574,30.08,8,519.2246958047172
2023-08-16T19:10:00Z,15.54,30.09,8,520.5913040744157
2023-08-16T19:15:00Z,15.526,30.09,8,521.2026814582282
2023-08-16T19:20:00Z,15.509,30.08,7.989999999999999,522.7131432300002
2023-08-16T19:25:00Z,15.488,30.1,7.989999999999999,523.1087403607024
2023-08-16T19:30:00Z,15.452,30.09,7.989999999999999,524.6192021324744
2023-08-16T19:35:00Z,15.433,30.1,7.989999999999999,526.4173709083934
2023-08-16T19:40:00Z,15.401,30.11,7.989999999999999,526.8489314146141
2023-08-16T19:45:00Z,15.383,30.1,7.9799999999999995,527.5681989249817
2023-08-16T19:50:00Z,15.358,30.12,7.9799999999999995,528.6471001905331
2023-08-16T19:55:00Z,15.341,30.11,7.9799999999999995,529.2584775743456
2023-08-16T20:00:00Z,15.335,30.11,7.9799999999999995,529.4382944519375
2023-08-16T20:05:00Z,15.299,30.09,7.97,530.5531590930074
2023-08-16T20:10:00Z,15.273,30.09,7.97,532.5311447465183
2023-08-16T20:15:00Z,15.254,30.1,7.97,534.9047275307315
2023-08-16T20:20:00Z,15.233,30.11,7.96,535.048581032805
2023-08-16T20:25:00Z,15.222,30.1,7.96,536.6309695556138
2023-08-16T20:30:00Z,15.2,30.1,7.96,538.5370284580881
2023-08-16T20:35:00Z,15.181,30.1,7.95,539.2562959684557
2023-08-16T20:40:00Z,15.177,30.1,7.95,541.0544647443747
2023-08-16T20:45:00Z,15.148,30.11,7.95,541.8816223812976
2023-08-16T20:50:00Z,15.142,30.1,7.95,544.8665825493232
2023-08-16T20:55:00Z,15.125,30.1,7.94,544.93850930036
2023-08-16T21:00:00Z,15.117,30.1,7.94,546.6287879497239
2023-08-16T21:05:00Z,15.103,30.1,7.94,549.1102608604922
2023-08-16T21:10:00Z,15.089,30.1,7.94,549.7935649953415
2023-08-16T21:15:00Z,15.082,30.1,7.930000000000001,550.1891621260437
2023-08-16T21:20:00Z,15.068,30.1,7.930000000000001,552.3110012816283
2023-08-16T21:25:00Z,15.055,30.1,7.930000000000001,553.0302687919958
2023-08-16T21:30:00Z,15.039,30.11,7.920000000000001,554.5407305637679
2023-08-16T21:35:00Z,15.035,30.1,7.920000000000001,555.4398149517274
2023-08-16T21:40:00Z,15.025,30.1,7.920000000000001,557.3458738542016
2023-08-16T21:45:00Z,15.017,30.1,7.920000000000001,559.1440426301207
2023-08-16T21:50:00Z,15.011,30.09,7.920000000000001,561.0141381570766
2023-08-16T21:55:00Z,15.001,30.09,7.909999999999999,563.315794190253
2023-08-16T22:00:00Z,14.992,30.08,7.909999999999999,564.6104757089147
2023-08-16T22:05:00Z,14.983,30.09,7.909999999999999,566.9480951176095
2023-08-16T22:10:00Z,14.971,30.12,7.8999999999999995,568.0989231341977
2023-08-16T22:15:00Z,14.964,30.1,7.8999999999999995,569.5014947794145
2023-08-16T22:20:00Z,14.956,30.07,7.8999999999999995,572.5224183229586
2023-08-16T22:25:00Z,14.945,30.08,7.8999999999999995,572.27067469433
2023-08-16T22:30:00Z,14.935,30.09,7.89,574.5723307275064
2023-08-16T22:35:00Z,14.921,30.09,7.89,576.5143530054991
2023-08-16T22:40:00Z,14.905,30.08,7.89,577.6651810220872
2023-08-16T22:45:00Z,14.899,30.07,7.88,579.3554596714512
2023-08-16T22:50:00Z,14.892,30.09,7.88,581.4413354515173
2023-08-16T22:55:00Z,14.884,30.07,7.88,582.3763832149951
2023-08-16T23:00:00Z,14.874,30.07,7.88,584.3543688685062
2023-08-16T23:05:00Z,14.866,30.09,7.88,584.9657462523187
2023-08-16T23:10:00Z,14.856,30.06,7.87,588.8138274327855
2023-08-16T23:15:00Z,14.844,30.07,7.87,590.4321793311126
2023-08-16T23:20:00Z,14.839,30.07,7.87,591.1874102169986
2023-08-16T23:25:00Z,14.819,30.1,7.87,590.9716299638883
2023-08-16T23:30:00Z,14.821,30.06,7.86,593.1294324949913
2023-08-16T23:35:00Z,14.818,30.07,7.86,595.1074181485022
2023-08-16T23:40:00Z,14.813,30.07,7.86,596.1863194140537
2023-08-16T23:45:00Z,14.809,30.06,7.86,597.9844881899728
2023-08-16T23:50:00Z,14.803,30.07,7.8500000000000005,599.4589865862264
2023-08-16T23:55:00Z,14.796,30.06,7.8500000000000005,600.8615582314433
2023-08-17T00:00:00Z,14.779,30.06,7.8500000000000005,601.6527524928476
2023-08-17T00:05:00Z,14.773,30.06,7.8500000000000005,604.9254196650204
2023-08-17T00:10:00Z,14.745,30.06,7.84,606.0043209305718
2023-08-17T00:15:00Z,14.751,30.06,7.84,607.2270756981968
2023-08-17T00:20:00Z,14.741,30.06,7.84,609.3489148537814
2023-08-17T00:25:00Z,14.732,30.08,7.84,610.4637794948512
2023-08-17T00:30:00Z,14.723,30.07,7.83,612.0821313931783
2023-08-17T00:35:00Z,14.716,30.06,7.83,614.7074578060201
2023-08-17T00:40:00Z,14.708,30.07,7.83,617.2248940923068
2023-08-17T00:45:00Z,14.681,30.06,7.83,618.088015104748
2023-08-17T00:50:00Z,14.678,30.06,7.82,617.4047109698988
2023-08-17T00:55:00Z,14.66,30.06,7.82,620.533524639998
2023-08-17T01:00:00Z,14.646,30.06,7.82,622.1518765383252
2023-08-17T01:05:00Z,14.63,30.05,7.8100000000000005,622.9071074242112
2023-08-17T01:10:00Z,14.609,30.05,7.8100000000000005,626.0718844698288
2023-08-17T01:15:00Z,14.59,30.06,7.8100000000000005,628.9849178868177
2023-08-17T01:20:00Z,14.575,30.07,7.8,630.4594162830713
2023-08-17T01:25:00Z,14.557,30.08,7.8,633.5163032021337
2023-08-17T01:30:00Z,14.535,30.06,7.8,636.4293366191226
2023-08-17T01:35:00Z,14.527,30.07,7.8,637.688054762266
2023-08-17T01:40:00Z,14.511,30.08,7.79,639.3783334116299
2023-08-17T01:45:00Z,14.49,30.07,7.79,642.111549951027
2023-08-17T01:50:00Z,14.472,30.07,7.79,644.2333891066114
2023-08-17T01:55:00Z,14.448,30.07,7.78,646.0315578825305
2023-08-17T02:00:00Z,14.43,30.08,7.78,648.8367011729642
2023-08-17T02:05:00Z,14.406,30.08,7.78,650.4190896957731
2023-08-17T02:10:00Z,14.386,30.07,7.7700000000000005,652.864599231023
2023-08-17T02:15:00Z,14.369,30.08,7.7700000000000005,655.6337791459384
2023-08-17T02:20:00Z,14.346,30.07,7.7700000000000005,656.820570538045
2023-08-17T02:25:00Z,14.324,30.08,7.76,658.6906660650009
2023-08-17T02:30:00Z,14.295,30.08,7.76,661.8914064861368
2023-08-17T02:35:00Z,14.289,30.08,7.76,662.574710620986
2023-08-17T02:40:00Z,14.261,30.08,7.75,665.7394876666036
2023-08-17T02:45:00Z,14.249,30.08,7.75,668.1849972018535
2023-08-17T02:50:00Z,14.23,30.09,7.75,671.3497742474711
2023-08-17T02:55:00Z,14.208,30.09,7.74,673.1479430233902
2023-08-17T03:00:00Z,14.19,30.08,7.74,676.0250130648608
2023-08-17T03:05:00Z,14.175,30.09,7.74,678.5064859756291
2023-08-17T03:10:00Z,14.156,30.09,7.73,682.2466770295407
2023-08-17T03:15:00Z,14.138,30.09,7.73,684.0448458054598
2023-08-17T03:20:00Z,14.123,30.07,7.73,685.37549069964
2023-08-17T03:25:00Z,14.104,30.09,7.72,688.2525607411105
2023-08-17T03:30:00Z,14.088,30.08,7.72,689.906876014956
2023-08-17T03:35:00Z,14.065,30.1,7.72,693.0356896850552
2023-08-17T03:40:00Z,14.043,30.1,7.72,696.1645033551545
2023-08-17T03:45:00Z,14.026,30.1,7.71,697.8188186289999
2023-08-17T03:50:00Z,14.001,30.1,7.71,699.329280400772
2023-08-17T03:55:00Z,13.991,30.1,7.71,704.1483727202351
2023-08-17T04:00:00Z,13.961,30.11,7.7,706.1982851247828
2023-08-17T04:05:00Z,13.956,30.1,7.7,707.9604905251836
2023-08-17T04:10:00Z,13.946,30.1,7.7,709.2192086683269
2023-08-17T04:15:00Z,13.933,30.1,7.7,712.060315334279
2023-08-17T04:20:00Z,13.919,30.11,7.69,715.4408726330068
2023-08-17T04:25:00Z,13.898,30.1,7.69,717.6346385396282
2023-08-17T04:30:00Z,13.885,30.1,7.69,719.792441070731
2023-08-17T04:35:00Z,13.867,30.11,7.69,721.6984999732053
2023-08-17T04:40:00Z,13.862,30.11,7.68,723.8563025043082
2023-08-17T04:45:00Z,13.843,30.11,7.68,725.4027276515986
2023-08-17T04:50:00Z,13.826,30.1,7.67,729.9700763424331
2023-08-17T04:55:00Z,13.81,30.11,7.67,731.5165014897235
2023-08-17T05:00:00Z,13.801,30.12,7.67,733.9620110249734
2023-08-17T05:05:00Z,13.788,30.11,7.67,736.8390810664439
2023-08-17T05:10:00Z,13.773,30.11,7.67,739.6801877323961
2023-08-17T05:15:00Z,13.761,30.08,7.66,740.0038581120615
2023-08-17T05:20:00Z,13.748,30.11,7.66,740.9748692510578
2023-08-17T05:25:00Z,13.746,30.12,7.65,744.283499798749
2023-08-17T05:30:00Z,13.733,30.1,7.66,745.8299249460393
2023-08-17T05:35:00Z,13.727,30.12,7.66,750.8647975186127
2023-08-17T05:40:00Z,13.715,30.12,7.65,753.2743436783444
2023-08-17T05:45:00Z,13.707,30.12,7.65,753.2383803028258
2023-08-17T05:50:00Z,13.704,30.12,7.65,754.1374646907855
2023-08-17T05:55:00Z,13.697,30.13,7.65,756.7987544791457
2023-08-17T06:00:00Z,13.685,30.12,7.65,758.524996504028
2023-08-17T06:05:00Z,13.677,30.12,7.64,761.4020665454985
2023-08-17T06:10:00Z,13.668,30.1,7.64,763.4879423255646
2023-08-17T06:15:00Z,13.656,30.1,7.64,764.9264773462999
2023-08-17T06:20:00Z,13.656,30.1,7.64,765.1422575994102
2023-08-17T06:25:00Z,13.651,30.12,7.64,767.1202432529212
2023-08-17T06:30:00Z,13.648,30.15,7.64,768.7745585267667
2023-08-17T06:35:00Z,13.634,30.11,7.64,768.6307050246933
2023-08-17T06:40:00Z,13.628,30.09,7.64,767.8395107632889
2023-08-17T06:45:00Z,13.614,30.08,7.64,767.9833642653623
2023-08-17T06:50:00Z,13.622,30.11,7.64,769.6736429147263
2023-08-17T06:55:00Z,13.62,30.1,7.65,770.3569470495756
2023-08-17T07:00:00Z,13.623,30.08,7.65,769.457862661616
2023-08-17T07:05:00Z,13.63,30.08,7.64,769.3859359105793
2023-08-17T07:10:00Z,13.634,30.1,7.65,768.522814898138
2023-08-17T07:15:00Z,13.649,30.1,7.65,766.2211588649617
2023-08-17T07:20:00Z,13.657,30.13,7.65,765.5738181056308
2023-08-17T07:25:00Z,13.668,30.14,7.65,764.2791365869691
2023-08-17T07:30:00Z,13.687,30.13,7.65,763.9554662073037
2023-08-17T07:35:00Z,13.699,30.1,7.65,762.6248213131234
2023-08-17T07:40:00Z,13.706,30.09,7.66,760.323165279947
2023-08-17T07:45:00Z,13.728,30.1,7.66,759.0284837612853
2023-08-17T07:50:00Z,13.736,30.09,7.66,758.0215092467707
2023-08-17T07:55:00Z,13.749,30.09,7.67,755.8277433401494
2023-08-17T08:00:00Z,13.766,30.09,7.67,753.5980140580098
2023-08-17T08:05:00Z,13.768,30.09,7.67,751.9077354086459
2023-08-17T08:10:00Z,13.801,30.1,7.68,747.8798373505871
2023-08-17T08:15:00Z,13.807,30.09,7.68,746.2974488277782
2023-08-17T08:20:00Z,13.822,30.09,7.68,742.8449647780137
2023-08-17T08:25:00Z,13.842,30.08,7.69,740.2915651162085
2023-08-17T08:30:00Z,13.871,30.12,7.69,737.1627514461094
2023-08-17T08:35:00Z,13.89,30.1,7.7,734.3576081556755
2023-08-17T08:40:00Z,13.896,30.09,7.7,734.5014616577491
2023-08-17T08:45:00Z,13.935,30.09,7.7,730.7612706038374
2023-08-17T08:50:00Z,13.948,30.09,7.71,728.6753948237713
2023-08-17T08:55:00Z,13.979,30.08,7.72,724.7194235167493
2023-08-17T09:00:00Z,14.001,30.06,7.72,721.5186830956134
2023-08-17T09:05:00Z,14.023,30.08,7.72,717.8144554172201
2023-08-17T09:10:00Z,14.07,30.07,7.73,711.2331576973563
2023-08-17T09:15:00Z,14.044,30.09,7.74,707.4929666434446
2023-08-17T09:20:00Z,14.071,30.09,7.74,702.7817644505366
2023-08-17T09:25:00Z,14.115,30.09,7.75,697.7468918779632
2023-08-17T09:30:00Z,14.139,30.08,7.76,693.6111036933494
2023-08-17T09:35:00Z,14.14,30.07,7.76,687.4254031041877
2023-08-17T09:40:00Z,14.161,30.09,7.7700000000000005,683.6132852992392
2023-08-17T09:45:00Z,14.203,30.11,7.78,680.48447162914
2023-08-17T09:50:00Z,14.234,30.11,7.79,676.2048299424526
2023-08-17T09:55:00Z,14.255,30.08,7.8,672.3207853864674
2023-08-17T10:00:00Z,14.284,30.09,7.8,667.3938029404492
2023-08-17T10:05:00Z,14.352,30.09,7.8100000000000005,662.6826007475412
2023-08-17T10:10:00Z,14.36,30.03,7.82,660.2011278367729
2023-08-17T10:15:00Z,14.368,30.06,7.82,655.2381820152361
2023-08-17T10:20:00Z,14.418,30.06,7.82,651.3901008347693
2023-08-17T10:25:00Z,14.428,30.06,7.83,648.5849575443356
2023-08-17T10:30:00Z,14.436,30.05,7.84,644.377242608685
2023-08-17T10:35:00Z,14.526,30.1,7.84,639.3783334116299
2023-08-17T10:40:00Z,14.557,30.09,7.8500000000000005,635.7460324842734
2023-08-17T10:45:00Z,14.539,30.12,7.86,632.509328687619
2023-08-17T10:50:00Z,14.605,30.12,7.86,628.1217968743765
2023-08-17T10:55:00Z,14.631,30.08,7.87,623.4105946814685
2023-08-17T11:00:00Z,14.679,30.07,7.88,620.7852682686266
2023-08-17T11:05:00Z,14.662,30.07,7.88,618.1239784802665
2023-08-17T11:10:00Z,14.719,30.06,7.89,615.2469084387959
2023-08-17T11:15:00Z,14.794,30.1,7.8999999999999995,612.333875021807
2023-08-17T11:20:00Z,14.764,30.05,7.8999999999999995,607.6945995799358
2023-08-17T11:25:00Z,14.826,30.06,7.8999999999999995,604.4578957832814
2023-08-17T11:30:00Z,14.868,30.05,7.909999999999999,601.0413751090352
2023-08-17T11:35:00Z,14.876,30.05,7.8999999999999995,595.8266856588698
2023-08-17T11:40:00Z,14.958,30.04,7.920000000000001,594.3162238870979
2023-08-17T11:45:00Z,14.986,30.08,7.920000000000001,591.4751172211456
2023-08-17T11:50:00Z,14.999,30.02,7.930000000000001,588.3463035510465
2023-08-17T11:55:00Z,15.045,30.03,7.930000000000001,585.7209771382046
2023-08-17T12:00:00Z,15.092,30.03,7.94,581.8009692067011
2023-08-17T12:05:00Z,15.116,30.03,7.94,579.9308736797452
2023-08-17T12:10:00Z,15.176,30.05,7.94,575.5073784909843
2023-08-17T12:15:00Z,15.195,30.03,7.94,573.8530632171387
2023-08-17T12:20:00Z,15.237,30.03,7.96,571.3715903063704
2023-08-17T12:25:00Z,15.238,30.01,7.97,569.2857145263043
2023-08-17T12:30:00Z,15.301,30.04,7.97,567.5954358769403
2023-08-17T12:35:00Z,15.291,30.06,7.96,564.826255962025
2023-08-17T12:40:00Z,15.347,30.04,7.97,560.8343212794846
2023-08-17T12:45:00Z,15.395,30.05,7.9799999999999995,559.9352368915252
2023-08-17T12:50:00Z,15.425,30.03,7.989999999999999,558.6765187483818
2023-08-17T12:55:00Z,15.416,30.04,7.9799999999999995,556.5906429683156
2023-08-17T13:00:00Z,15.44,30.03,7.989999999999999,555.0801811965435
2023-08-17T13:05:00Z,15.466,30.05,7.989999999999999,552.3110012816283
2023-08-17T13:10:00Z,15.505,30.03,8,549.3260411136025
2023-08-17T13:15:00Z,15.518,30.03,8,549.0742974849738
2023-08-17T13:20:00Z,15.557,30.05,8,545.6577768107276
2023-08-17T13:25:00Z,15.533,30.05,8,544.9025459248415
2023-08-17T13:30:00Z,15.622,30.06,8,542.8526335202939
2023-08-17T13:35:00Z,15.608,30.06,8,542.672816642702
2023-08-17T13:40:00Z,15.623,30.04,8.01,540.982537993338
2023-08-17T13:45:00Z,15.669,30.08,8.02,539.9036367277865
2023-08-17T13:50:00Z,15.718,30.1,8.02,537.7098708211653
2023-08-17T13:55:00Z,15.721,30.03,8.02,534.6889472776212
2023-08-17T14:00:00Z,15.753,30.03,8.02,534.94069090625
2023-08-17T14:05:00Z,15.787,30.04,8.03,533.0346320037756
2023-08-17T14:10:00Z,15.771,30.05,8.03,531.2364632278566
2023-08-17T14:15:00Z,15.785,30.05,8.03,527.7120524270553
2023-08-17T14:20:00Z,15.837,30.05,8.04,527.028748292206
2023-08-17T14:25:00Z,15.829,30.05,8.04,526.093700528728
2023-08-17T14:30:00Z,15.846,30.02,8.04,525.3025062673237
2023-08-17T14:35:00Z,15.848,30.05,8.03,524.3674585038457
2023-08-17T14:40:00Z,15.955,30.03,8.049999999999999,522.4613996013716
2023-08-17T14:45:00Z,15.931,30,8.08,522.1017658461876
2023-08-17T14:50:00Z,15.971,30.02,8.1,520.6632308254524
2023-08-17T14:55:00Z,15.955,30.02,8.08,520.3035970702686
2023-08-17T15:00:00Z,15.991,30.04,8.08,520.7351575764892
2023-08-17T15:05:00Z,15.988,30.04,8.08,518.1098311636473
2023-08-17T15:10:00Z,15.955,30.05,8.11,515.7722117549525
2023-08-17T15:15:00Z,15.897,30.02,8.059999999999999,514.6573471138827
2023-08-17T15:20:00Z,15.956,30.02,8.059999999999999,513.5424824728129
2023-08-17T15:25:00Z,15.932,30.06,8.049999999999999,512.3916544562246
2023-08-17T15:30:00Z,15.933,30.09,8.059999999999999,512.2837643296696
2023-08-17T15:35:00Z,15.926,30.09,8.049999999999999,512.7512882114085
2023-08-17T15:40:00Z,15.96,30.11,8.049999999999999,511.7443136968938
2023-08-17T15:45:00Z,15.974,30.06,8.049999999999999,511.38467994171
2023-08-17T15:50:00Z,15.955,30.08,8.049999999999999,510.8452293089343
2023-08-17T15:55:00Z,15.966,30.05,8.049999999999999,510.2698153006402
2023-08-17T16:00:00Z,15.973,30.09,8.059999999999999,508.9391704064601
2023-08-17T16:05:00Z,15.998,30.07,8.059999999999999,510.4855955537505
2023-08-17T16:10:00Z,15.991,30.08,8.059999999999999,509.1549506595703
2023-08-17T16:15:00Z,15.994,30.11,8.059999999999999,508.1479761450556
2023-08-17T16:20:00Z,16.001,30.09,8.059999999999999,506.78136787535715
2023-08-17T16:25:00Z,15.985,30.12,8.059999999999999,505.918246862916
2023-08-17T16:30:00Z,15.991,30.11,8.059999999999999,503.6885175807763
2023-08-17T16:35:00Z,15.998,30.11,8.059999999999999,504.1560414625153
2023-08-17T16:40:00Z,16.015,30.15,8.069999999999999,504.6235653442543
2023-08-17T16:45:00Z,16.025,30.1,8.069999999999999,503.5806274542212
2023-08-17T16:50:00Z,16.015,30.06,8.08,503.4008105766293
2023-08-17T16:55:00Z,16.036,30.07,8.08,503.2929204500741
2023-08-17T17:00:00Z,16.032,30.09,8.08,502.6815430662616
2023-08-17T17:05:00Z,16.031,30.08,8.08,502.4657628131514
2023-08-17T17:10:00Z,16.015,30.1,8.069999999999999,501.9982389314124
2023-08-17T17:15:00Z,15.96,30.1,8.049999999999999,501.6026418007102
2023-08-17T17:20:00Z,15.958,30.09,8.059999999999999,501.56667842519187
2023-08-17T17:25:00Z,15.921,30.08,8.049999999999999,500.5237405351588
2023-08-17T17:30:00Z,15.875,30.1,8.049999999999999,500.0202532779014
2023-08-17T17:35:00Z,15.83,30.11,8.04,501.8543854293389
2023-08-17T17:40:00Z,15.816,30.1,8.04,500.9912644168977
2023-08-17T17:45:00Z,15.773,30.1,8.04,500.4877771596403
2023-08-17T17:50:00Z,15.756,30.13,8.04,501.2430080455264
2023-08-17T17:55:00Z,15.72,30.09,8.04,500.95530104137936
2023-08-17T18:00:00Z,15.735,30.11,8.04,502.0342023069308
2023-08-17T18:05:00Z,15.701,30.17,8.04,503.36484720111093
2023-08-17T18:10:00Z,15.691,30.17,8.04,502.4657628131514
2023-08-17T18:15:00Z,15.652,30.12,8.03,503.3288838255925
2023-08-17T18:20:00Z,15.649,30.09,8.03,505.0191624749565
2023-08-17T18:25:00Z,15.623,30.12,8.03,505.63053985876894
2023-08-17T18:30:00Z,15.606,30.13,8.03,506.6375143732836
2023-08-17T18:35:00Z,15.596,30.11,8.03,508.4356831492027
2023-08-17T18:40:00Z,15.58,30.12,8.02,508.2558662716108
2023-08-17T18:45:00Z,15.577,30.1,8.03,508.36375639816595
2023-08-17T18:50:00Z,15.546,30.11,8.02,509.1549506595703
2023-08-17T18:55:00Z,15.525,30.08,8.02,510.05403504752985
2023-08-17T19:00:00Z,15.509,30.08,8.02,509.0830239085336
2023-08-17T19:05:00Z,15.498,30.06,8.02,510.341742051677
2023-08-17T19:10:00Z,15.488,30.08,8.02,511.8522038234489
2023-08-17T19:15:00Z,15.49,30.1,8.02,513.5424824728129
2023-08-17T19:20:00Z,15.463,30.09,8.01,513.6144092238496
2023-08-17T19:25:00Z,15.451,30.08,8.01,514.6213837383643
2023-08-17T19:30:00Z,15.434,30.13,8.01,515.0529442445849
2023-08-17T19:35:00Z,15.427,30.1,8.01,515.9520286325444
2023-08-17T19:40:00Z,15.407,30.1,8,516.3476257632467
2023-08-17T19:45:00Z,15.398,30.09,8,517.4265270287981
2023-08-17T19:50:00Z,15.383,30.11,8,519.2246958047172
2023-08-17T19:55:00Z,15.368,30.13,8,520.1597435681952
2023-08-17T20:00:00Z,15.353,30.12,7.989999999999999,521.9938757196326
2023-08-17T20:05:00Z,15.339,30.07,7.989999999999999,521.5623152134119
2023-08-17T20:10:00Z,15.327,30.08,7.989999999999999,522.7850699810369
2023-08-17T20:15:00Z,15.309,30.08,7.989999999999999,523.8999346221068
2023-08-17T20:20:00Z,15.289,30.07,7.9799999999999995,525.338469642842
2023-08-17T20:25:00Z,15.278,30.09,7.9799999999999995,526.8489314146141
2023-08-17T20:30:00Z,15.265,30.04,7.9799999999999995,528.1076495577574
2023-08-17T20:35:00Z,15.243,30.09,7.9799999999999995,529.9417817091949
2023-08-17T20:40:00Z,15.23,30.1,7.97,530.0137084602317
2023-08-17T20:45:00Z,15.216,30.1,7.97,531.1645364768199
2023-08-17T20:50:00Z,15.197,30.1,7.97,534.293350146919
2023-08-17T20:55:00Z,15.18,30.08,7.96,535.4082147879889
2023-08-17T21:00:00Z,15.16,30.11,7.96,537.0984934373528
2023-08-17T21:05:00Z,15.142,30.07,7.96,538.249321453941
2023-08-17T21:10:00Z,15.12,30.11,7.95,538.9685889643087
2023-08-17T21:15:00Z,15.109,30.08,7.95,539.6159297236395
2023-08-17T21:20:00Z,15.09,30.1,7.95,541.7018055037056
2023-08-17T21:25:00Z,15.071,30.15,7.95,544.1473150389556
2023-08-17T21:30:00Z,15.051,30.13,7.94,546.1253006924666
2023-08-17T21:35:00Z,15.036,30.09,7.94,547.8155793418305
2023-08-17T21:40:00Z,15.021,30.09,7.94,549.2900777380842
2023-08-17T21:45:00Z,15.005,30.07,7.930000000000001,550.5128325057092
2023-08-17T21:50:00Z,14.988,30.08,7.930000000000001,552.0232942774811
2023-08-17T21:55:00Z,14.97,30.08,7.930000000000001,553.5337560492532
2023-08-17T22:00:00Z,14.957,30.09,7.920000000000001,556.1950458376134
2023-08-17T22:05:00Z,14.938,30.09,7.920000000000001,558.316884993198
2023-08-17T22:10:00Z,14.923,30.08,7.920000000000001,559.2878961321942
2023-08-17T22:15:00Z,14.903,30.1,7.909999999999999,562.0211126715913
2023-08-17T22:20:00Z,14.886,30.04,7.909999999999999,563.4596476923265
2023-08-17T22:25:00Z,14.875,30.02,7.909999999999999,564.3946954558044
2023-08-17T22:30:00Z,14.852,30.09,7.8999999999999995,566.3367177337971
2023-08-17T22:35:00Z,14.841,30.09,7.8999999999999995,568.0989231341977
2023-08-17T22:40:00Z,14.826,30.09,7.8999999999999995,570.9400298001499
2023-08-17T22:45:00Z,14.81,30.08,7.89,570.9040664246315
2023-08-17T22:50:00Z,14.794,30.08,7.89,573.3495759598813
2023-08-17T22:55:00Z,14.773,30.09,7.89,574.0328800947307
2023-08-17T23:00:00Z,14.765,30.08,7.89,577.0897670137931
2023-08-17T23:05:00Z,14.745,30.06,7.88,579.2116061693775
2023-08-17T23:10:00Z,14.726,30.08,7.88,581.8728959577379
2023-08-17T23:15:00Z,14.71,30.08,7.88,583.8508816112488
2023-08-17T23:20:00Z,14.691,30.06,7.87,586.1525376444253
2023-08-17T23:25:00Z,14.683,30.08,7.87,587.1954755344583
2023-08-17T23:30:00Z,14.669,30.05,7.87,588.5620838041568
2023-08-17T23:35:00Z,14.649,30.08,7.86,590.6839229597413
2023-08-17T23:40:00Z,14.637,30.08,7.86,593.1294324949913
2023-08-17T23:45:00Z,14.619,30.1,7.86,594.5320041402081
2023-08-17T23:50:00Z,14.604,30.1,7.8500000000000005,595.2153082750574
2023-08-17T23:55:00Z,14.59,30.08,7.8500000000000005,597.5169643082338
